Code,Name,Percentage,Year
5,Akron,0.44827586,2010
8,Alabama,0.60769231,2010
9,UAB,0.45255474,2010
28,Arizona St.,0.55454545,2010
29,Arizona,0.56818182,2010
30,Arkansas St.,0.44360902,2010
31,Arkansas,0.63909774,2010
37,Auburn,0.63829787,2010
47,Ball St.,0.33962264,2010
51,Baylor,0.55639098,2010
66,Boise St.,0.53472222,2010
67,Boston College,0.5503876,2010
71,Bowling Green,0.46969697,2010
77,BYU,0.51724138,2010
86,Buffalo,0.45,2010
96,Fresno St.,0.49618321,2010
107,California,0.55371901,2010
110,UCLA,0.49612403,2010
128,UCF,0.40559441,2010
129,Central Mich.,0.51239669,2010
140,Cincinnati,0.59349593,2010
147,Clemson,0.56060606,2010
156,Colorado St.,0.53284672,2010
157,Colorado,0.52631579,2010
164,Connecticut,0.48837209,2010
193,Duke,0.5210084,2010
196,East Carolina,0.55782313,2010
204,Eastern Mich.,0.44615385,2010
229,Fla. Atlantic,0.40601504,2010
231,FIU,0.42657343,2010
234,Florida St.,0.5862069,2010
235,Florida,0.57777778,2010
255,Georgia Tech,0.4488189,2010
257,Georgia,0.54074074,2010
277,Hawaii,0.49305556,2010
288,Houston,0.47154472,2010
295,Idaho,0.45864662,2010
301,Illinois,0.58015267,2010
306,Indiana,0.46666667,2010
311,Iowa St.,0.608,2010
312,Iowa,0.578125,2010
327,Kansas St.,0.52272727,2010
328,Kansas,0.52459016,2010
331,Kent St.,0.45299145,2010
334,Kentucky,0.46212121,2010
365,LSU,0.6259542,2010
366,Louisiana Tech,0.54098361,2010
367,Louisville,0.44186047,2010
388,Marshall,0.47407407,2010
392,Maryland,0.5,2010
404,Memphis,0.47368421,2010
414,Miami (OH),0.39189189,2010
415,Miami (FL),0.58015267,2010
416,Michigan St.,0.54615385,2010
418,Michigan,0.58015267,2010
419,Middle Tenn.,0.35074627,2010
428,Minnesota,0.6097561,2010
430,Mississippi St.,0.55725191,2010
433,Mississippi,0.55371901,2010
434,Missouri,0.60740741,2010
457,North Carolina,0.51162791,2010
463,Nebraska,0.54861111,2010
465,UNLV,0.57534247,2010
466,Nevada,0.44366197,2010
472,New Mexico St.,0.45038168,2010
473,New Mexico,0.49253731,2010
490,North Carolina St.,0.56818182,2010
497,North Texas,0.36842105,2010
498,La.-Monroe,0.49193548,2010
503,Northern Ill.,0.40875912,2010
509,Northwestern,0.453125,2010
513,Notre Dame,0.63380282,2010
518,Ohio St.,0.52142857,2010
519,Ohio,0.43181818,2010
521,Oklahoma St.,0.55862069,2010
522,Oklahoma,0.59477124,2010
528,Oregon St.,0.60305344,2010
529,Oregon,0.51908397,2010
539,Penn St.,0.58139535,2010
545,Pittsburgh,0.53787879,2010
559,Purdue,0.56666667,2010
574,Rice,0.44776119,2010
587,Rutgers,0.49579832,2010
626,San Diego St.,0.47368421,2010
630,San Jose St.,0.58536585,2010
648,South Carolina,0.61805556,2010
651,South Fla.,0.45736434,2010
657,Southern California,0.50359712,2010
663,SMU,0.50326797,2010
664,Southern Miss.,0.44274809,2010
671,La.-Lafayette,0.41353383,2010
674,Stanford,0.53435115,2010
688,Syracuse,0.47457627,2010
690,Temple,0.42857143,2010
694,Tennessee,0.5,2010
697,Texas A&M,0.65185185,2010
698,TCU,0.50735294,2010
700,Texas Tech,0.54074074,2010
703,Texas,0.52238806,2010
704,UTEP,0.36842105,2010
709,Toledo,0.42753623,2010
716,Troy,0.40277778,2010
718,Tulane,0.46280992,2010
719,Tulsa,0.46666667,2010
721,Air Force,0.52941176,2010
725,Army,0.44615385,2010
726,Navy,0.46564885,2010
731,Utah St.,0.56,2010
732,Utah,0.49305556,2010
736,Vanderbilt,0.45801527,2010
742,Virginia Tech,0.54347826,2010
746,Virginia,0.50458716,2010
749,Wake Forest,0.54621849,2010
754,Washington St.,0.55284553,2010
756,Washington,0.55714286,2010
768,West Virginia,0.52307692,2010
772,Western Ky.,0.39849624,2010
774,Western Mich.,0.40677966,2010
796,Wisconsin,0.5234375,2010
811,Wyoming,0.53174603,2010
5,Akron,0.42857143,2011
8,Alabama,0.60465116,2011
9,UAB,0.41791045,2011
28,Arizona St.,0.52238806,2011
29,Arizona,0.58730159,2011
30,Arkansas St.,0.46212121,2011
31,Arkansas,0.5648855,2011
37,Auburn,0.61940299,2011
47,Ball St.,0.4609375,2011
51,Baylor,0.6,2011
66,Boise St.,0.51408451,2011
67,Boston College,0.47058824,2011
71,Bowling Green,0.50833333,2011
77,BYU,0.45038168,2011
86,Buffalo,0.41880342,2011
96,Fresno St.,0.45112782,2011
107,California,0.51470588,2011
110,UCLA,0.54487179,2011
128,UCF,0.48360656,2011
129,Central Mich.,0.49152542,2011
140,Cincinnati,0.44444444,2011
147,Clemson,0.57857143,2011
156,Colorado St.,0.44537815,2011
157,Colorado,0.48965517,2011
164,Connecticut,0.47457627,2011
193,Duke,0.51639344,2011
196,East Carolina,0.5,2011
204,Eastern Mich.,0.47222222,2011
229,Fla. Atlantic,0.45454545,2011
231,FIU,0.38129496,2011
234,Florida St.,0.48062016,2011
235,Florida,0.55639098,2011
255,Georgia Tech,0.46923077,2011
257,Georgia,0.58333333,2011
277,Hawaii,0.35338346,2011
288,Houston,0.51020408,2011
295,Idaho,0.43902439,2011
301,Illinois,0.51111111,2011
306,Indiana,0.51612903,2011
311,Iowa St.,0.58955224,2011
312,Iowa,0.51515152,2011
327,Kansas St.,0.60150376,2011
328,Kansas,0.62698413,2011
331,Kent St.,0.52542373,2011
334,Kentucky,0.51260504,2011
365,LSU,0.67625899,2011
366,Louisiana Tech,0.49253731,2011
367,Louisville,0.52713178,2011
388,Marshall,0.57142857,2011
392,Maryland,0.54166667,2011
404,Memphis,0.40163934,2011
414,Miami (OH),0.42519685,2011
415,Miami (FL),0.48739496,2011
416,Michigan St.,0.52083333,2011
418,Michigan,0.57638889,2011
419,Middle Tenn.,0.40310078,2011
428,Minnesota,0.576,2011
430,Mississippi St.,0.5648855,2011
433,Ole Miss,0.59836066,2011
434,Missouri,0.56296296,2011
457,North Carolina,0.54961832,2011
463,Nebraska,0.6,2011
465,UNLV,0.5,2011
466,Nevada,0.46527778,2011
472,New Mexico St.,0.42253521,2011
473,New Mexico,0.50413223,2011
490,North Carolina St.,0.48739496,2011
497,North Texas,0.49242424,2011
498,La.-Monroe,0.48760331,2011
503,Northern Ill.,0.46715328,2011
509,Northwestern,0.46564885,2011
513,Notre Dame,0.55319149,2011
518,Ohio St.,0.51388889,2011
519,Ohio,0.43262411,2011
521,Oklahoma St.,0.61643836,2011
522,Oklahoma,0.60273973,2011
528,Oregon St.,0.55645161,2011
529,Oregon,0.56462585,2011
539,Penn St.,0.59090909,2011
545,Pittsburgh,0.51937984,2011
559,Purdue,0.47761194,2011
574,Rice,0.52592593,2011
587,Rutgers,0.4921875,2011
626,San Diego St.,0.4765625,2011
630,San Jose St.,0.43283582,2011
648,South Carolina,0.57251908,2011
651,South Fla.,0.51694915,2011
657,Southern California,0.52592593,2011
663,SMU,0.5,2011
664,Southern Miss.,0.49295775,2011
671,La.-Lafayette,0.46153846,2011
674,Stanford,0.53103448,2011
688,Syracuse,0.5210084,2011
690,Temple,0.4015748,2011
694,Tennessee,0.60330579,2011
697,Texas A&M,0.57638889,2011
698,TCU,0.5390625,2011
700,Texas Tech,0.552,2011
703,Texas,0.57823129,2011
704,UTEP,0.45081967,2011
709,Toledo,0.51937984,2011
716,Troy,0.45801527,2011
718,Tulane,0.36434109,2011
719,Tulsa,0.58219178,2011
721,Air Force,0.48305085,2011
725,Army,0.45,2011
726,Navy,0.53333333,2011
731,Utah St.,0.45112782,2011
732,Utah,0.46212121,2011
736,Vanderbilt,0.53125,2011
742,Virginia Tech,0.57042254,2011
746,Virginia,0.46875,2011
749,Wake Forest,0.47692308,2011
754,Washington St.,0.47580645,2011
756,Washington,0.5530303,2011
768,West Virginia,0.53846154,2011
772,Western Ky.,0.45833333,2011
774,Western Mich.,0.4609375,2011
796,Wisconsin,0.55633803,2011
811,Wyoming,0.50847458,2011
5,Akron,0.46666667,2009
8,Alabama,0.63265306,2009
9,UAB,0.45864662,2009
28,Arizona St.,0.52419355,2009
29,Arizona,0.60144928,2009
30,Arkansas St.,0.44628099,2009
31,Arkansas,0.61029412,2009
37,Auburn,0.57251908,2009
47,Ball St.,0.44262295,2009
51,Baylor,0.58064516,2009
66,Boise St.,0.48951049,2009
67,Boston College,0.51162791,2009
71,Bowling Green,0.51388889,2009
77,BYU,0.48201439,2009
86,Buffalo,0.48760331,2009
96,Fresno St.,0.50381679,2009
107,California,0.5037037,2009
110,UCLA,0.51748252,2009
128,UCF,0.5,2009
129,Central Mich.,0.45070423,2009
140,Cincinnati,0.5546875,2009
147,Clemson,0.56115108,2009
156,Colorado St.,0.51219512,2009
157,Colorado,0.52631579,2009
164,Connecticut,0.55905512,2009
193,Duke,0.45192308,2009
196,East Carolina,0.51408451,2009
204,Eastern Mich.,0.41732283,2009
229,Fla. Atlantic,0.43181818,2009
231,FIU,0.51145038,2009
234,Florida St.,0.6,2009
235,Florida,0.60689655,2009
255,Georgia Tech,0.55474453,2009
257,Georgia,0.57037037,2009
277,Hawaii,0.46212121,2009
288,Houston,0.45714286,2009
295,Idaho,0.42553191,2009
301,Illinois,0.55,2009
306,Indiana,0.5042735,2009
311,Iowa St.,0.48062016,2009
312,Iowa,0.59541985,2009
327,Kansas St.,0.50892857,2009
328,Kansas,0.53719008,2009
331,Kent St.,0.3697479,2009
334,Kentucky,0.51515152,2009
365,LSU,0.56834532,2009
366,Louisiana Tech,0.51612903,2009
367,Louisville,0.57627119,2009
388,Marshall,0.5,2009
392,Maryland,0.5042735,2009
404,Memphis,0.51219512,2009
414,Miami (OH),0.5530303,2009
415,Miami (FL),0.58914729,2009
416,Michigan St.,0.56923077,2009
418,Michigan,0.48739496,2009
419,Middle Tenn.,0.35507246,2009
428,Minnesota,0.57251908,2009
430,Mississippi St.,0.672,2009
433,Mississippi,0.52892562,2009
434,Missouri,0.53731343,2009
457,North Carolina,0.58823529,2009
463,Nebraska,0.53642384,2009
465,UNLV,0.52459016,2009
466,Nevada,0.45,2009
472,New Mexico St.,0.43181818,2009
473,New Mexico,0.48091603,2009
490,North Carolina St.,0.5046729,2009
497,North Texas,0.43846154,2009
498,La.-Monroe,0.43801653,2009
503,Northern Ill.,0.41984733,2009
509,Northwestern,0.42635659,2009
513,Notre Dame,0.52592593,2009
518,Ohio St.,0.56643357,2009
519,Ohio,0.44366197,2009
521,Oklahoma St.,0.55223881,2009
522,Oklahoma,0.6119403,2009
528,Oregon St.,0.57777778,2009
529,Oregon,0.60810811,2009
539,Penn St.,0.52713178,2009
545,Pittsburgh,0.56,2009
559,Purdue,0.50381679,2009
574,Rice,0.46969697,2009
587,Rutgers,0.5,2009
626,San Diego St.,0.49593496,2009
630,San Jose St.,0.528,2009
648,South Carolina,0.58333333,2009
651,South Fla.,0.53846154,2009
657,Southern California,0.52413793,2009
663,SMU,0.47761194,2009
664,Southern Miss.,0.43410853,2009
671,La.-Lafayette,0.44628099,2009
674,Stanford,0.48251748,2009
688,Syracuse,0.57264957,2009
690,Temple,0.40769231,2009
694,Tennessee,0.54861111,2009
697,Texas A&M,0.4822695,2009
698,TCU,0.56060606,2009
700,Texas Tech,0.50746269,2009
703,Texas,0.58064516,2009
704,UTEP,0.39230769,2009
709,Toledo,0.41353383,2009
716,Troy,0.4965035,2009
718,Tulane,0.49180328,2009
719,Tulsa,0.43442623,2009
721,Air Force,0.53030303,2009
725,Army,0.36206897,2009
726,Navy,0.5,2009
731,Utah St.,0.528,2009
732,Utah,0.47482014,2009
736,Vanderbilt,0.52459016,2009
742,Virginia Tech,0.58450704,2009
746,Virginia,0.55462185,2009
749,Wake Forest,0.50420168,2009
754,Washington St.,0.51851852,2009
756,Washington,0.54744526,2009
768,West Virginia,0.55813953,2009
772,Western Ky.,0.43801653,2009
774,Western Mich.,0.32478632,2009
796,Wisconsin,0.55725191,2009
811,Wyoming,0.53383459,2009
5,Akron,0.41984733,2008
8,Alabama,0.54421769,2008
9,UAB,0.4516129,2008
28,Arizona St.,0.51587302,2008
29,Arizona,0.45517241,2008
30,Arkansas St.,0.4516129,2008
31,Arkansas,0.61788618,2008
37,Auburn,0.54098361,2008
47,Ball St.,0.42446043,2008
51,Baylor,0.57258065,2008
66,Boise St.,0.51879699,2008
67,Boston College,0.55319149,2008
71,Bowling Green,0.40769231,2008
77,BYU,0.46564885,2008
86,Buffalo,0.49673203,2008
96,Fresno St.,0.43262411,2008
107,California,0.52380952,2008
110,UCLA,0.51824818,2008
128,UCF,0.44715447,2008
129,Central Mich.,0.46212121,2008
140,Cincinnati,0.53146853,2008
147,Clemson,0.57377049,2008
156,Colorado St.,0.55725191,2008
157,Colorado,0.56198347,2008
164,Connecticut,0.52272727,2008
193,Duke,0.53719008,2008
196,East Carolina,0.47058824,2008
204,Eastern Mich.,0.49180328,2008
229,Fla. Atlantic,0.45323741,2008
231,Florida Int'l,0.40625,2008
234,Florida St.,0.59836066,2008
235,Florida,0.6369863,2008
255,Georgia Tech,0.54237288,2008
257,Georgia,0.61940299,2008
277,Hawaii,0.51034483,2008
288,Houston,0.48854962,2008
295,Idaho,0.45454545,2008
301,Illinois,0.56198347,2008
306,Indiana,0.53389831,2008
311,Iowa St.,0.45378151,2008
312,Iowa,0.5,2008
327,Kansas St.,0.48333333,2008
328,Kansas,0.59848485,2008
331,Kent St.,0.41803279,2008
334,Kentucky,0.53030303,2008
365,LSU,0.53435115,2008
366,Louisiana Tech,0.41860465,2008
367,Louisville,0.52066116,2008
388,Marshall,0.56,2008
392,Maryland,0.53030303,2008
404,Memphis,0.41538462,2008
414,Miami (Ohio),0.43548387,2008
415,Miami (Fla.),0.54961832,2008
416,Michigan St.,0.55244755,2008
418,Michigan,0.52671756,2008
419,Middle Tenn. St.,0.37301587,2008
428,Minnesota,0.47692308,2008
430,Mississippi St.,0.52892562,2008
433,Mississippi,0.57575758,2008
434,Missouri,0.56643357,2008
457,North Carolina,0.5530303,2008
463,Nebraska,0.52898551,2008
465,UNLV,0.46875,2008
466,Nevada,0.50381679,2008
472,New Mexico St.,0.45081967,2008
473,New Mexico,0.53435115,2008
490,North Carolina St.,0.54887218,2008
497,North Texas,0.4496124,2008
498,La.-Monroe,0.38655462,2008
503,Northern Ill.,0.45384615,2008
509,Northwestern,0.4453125,2008
513,Notre Dame,0.46206897,2008
518,Ohio St.,0.60606061,2008
519,Ohio,0.45833333,2008
521,Oklahoma St.,0.56060606,2008
522,Oklahoma,0.65517241,2008
528,Oregon St.,0.58108108,2008
529,Oregon,0.51034483,2008
539,Penn St.,0.53435115,2008
545,Pittsburgh,0.5890411,2008
559,Purdue,0.57723577,2008
574,Rice,0.46527778,2008
587,Rutgers,0.53787879,2008
626,San Diego St.,0.50420168,2008
630,San Jose St.,0.43801653,2008
648,South Carolina,0.55725191,2008
651,South Fla.,0.51145038,2008
657,Southern California,0.54109589,2008
663,SMU,0.52459016,2008
664,Southern Miss.,0.46428571,2008
671,La.-Lafayette,0.3875969,2008
674,Stanford,0.52941176,2008
688,Syracuse,0.59349593,2008
690,Temple,0.44186047,2008
694,Tennessee,0.50757576,2008
697,Texas A&M,0.48818898,2008
698,TCU,0.56153846,2008
700,Texas Tech,0.5785124,2008
703,Texas,0.62237762,2008
704,UTEP,0.50364964,2008
709,Toledo,0.44360902,2008
716,Troy,0.4496124,2008
718,Tulane,0.47761194,2008
719,Tulsa,0.41549296,2008
721,Air Force,0.54330709,2008
725,Army,0.45528455,2008
726,Navy,0.50757576,2008
731,Utah St.,0.54545455,2008
732,Utah,0.54887218,2008
736,Vanderbilt,0.53846154,2008
742,Virginia Tech,0.57142857,2008
746,Virginia,0.59349593,2008
749,Wake Forest,0.51449275,2008
754,Washington St.,0.49264706,2008
756,Washington,0.55797101,2008
768,West Virginia,0.52671756,2008
774,Western Mich.,0.48120301,2008
796,Wisconsin,0.51538462,2008
811,Wyoming,0.51260504,2008
5,Akron,0.45801527,2007
8,Alabama,0.58518519,2007
9,UAB,0.50793651,2007
28,Arizona St.,0.53061224,2007
29,Arizona,0.59055118,2007
30,Arkansas St.,0.43283582,2007
31,Arkansas,0.54814815,2007
37,Auburn,0.57251908,2007
47,Ball St.,0.45185185,2007
51,Baylor,0.55645161,2007
66,Boise St.,0.42635659,2007
67,Boston College,0.55172414,2007
71,Bowling Green,0.41605839,2007
77,BYU,0.5112782,2007
86,Buffalo,0.40151515,2007
96,Fresno St.,0.4488189,2007
107,California,0.53741497,2007
110,UCLA,0.5890411,2007
128,UCF,0.49673203,2007
129,Central Mich.,0.4379562,2007
140,Cincinnati,0.52307692,2007
147,Clemson,0.55223881,2007
156,Colorado St.,0.51612903,2007
157,Colorado,0.54482759,2007
164,Connecticut,0.51879699,2007
193,Duke,0.52238806,2007
196,East Caro.,0.5035461,2007
204,Eastern Mich.,0.44444444,2007
229,Fla. Atlantic,0.43262411,2007
231,Florida Int'l,0.46969697,2007
234,Florida St.,0.51369863,2007
235,Florida,0.62142857,2007
255,Georgia Tech,0.5112782,2007
257,Georgia,0.60305344,2007
277,Hawaii,0.41525424,2007
288,Houston,0.39694656,2007
295,Idaho,0.43589744,2007
301,Illinois,0.60447761,2007
306,Indiana,0.5,2007
311,Iowa St.,0.56910569,2007
312,Iowa,0.43410853,2007
327,Kansas St.,0.55371901,2007
328,Kansas,0.49242424,2007
331,Kent St.,0.43801653,2007
334,Kentucky,0.6,2007
365,LSU,0.59090909,2007
366,Louisiana Tech,0.45378151,2007
367,Louisville,0.56198347,2007
388,Marshall,0.544,2007
392,Maryland,0.56296296,2007
404,Memphis,0.3740458,2007
414,Miami (Ohio),0.40559441,2007
415,Miami (Fla.),0.47407407,2007
416,Michigan St.,0.55944056,2007
418,Michigan,0.57142857,2007
419,Middle Tenn. St.,0.45669291,2007
428,Minnesota,0.57723577,2007
430,Mississippi St.,0.57037037,2007
433,Mississippi,0.6097561,2007
434,Missouri,0.57746479,2007
457,North Carolina,0.50406504,2007
463,Nebraska,0.60294118,2007
465,UNLV,0.51908397,2007
466,Nevada,0.41269841,2007
472,New Mexico St.,0.44827586,2007
473,New Mexico,0.44186047,2007
490,North Carolina St.,0.57142857,2007
497,North Texas,0.41732283,2007
498,La.-Monroe,0.45528455,2007
503,Northern Ill.,0.38135593,2007
509,Northwestern,0.475,2007
513,Notre Dame,0.5620438,2007
518,Ohio St.,0.55223881,2007
519,Ohio,0.4,2007
521,Oklahoma St.,0.61940299,2007
522,Oklahoma,0.57324841,2007
528,Oregon St.,0.57246377,2007
529,Oregon,0.59183673,2007
539,Penn St.,0.52777778,2007
545,Pittsburgh,0.57377049,2007
559,Purdue,0.54198473,2007
574,Rice,0.425,2007
587,Rutgers,0.52671756,2007
626,San Diego St.,0.55284553,2007
630,San Jose St.,0.43589744,2007
648,South Carolina,0.60162602,2007
651,South Fla.,0.59701493,2007
657,Southern California,0.48630137,2007
663,Southern Methodist,0.44776119,2007
664,Southern Miss.,0.46616541,2007
671,La.-Lafayette,0.45528455,2007
674,Stanford,0.51824818,2007
688,Syracuse,0.53383459,2007
690,Temple,0.42307692,2007
694,Tennessee,0.59354839,2007
697,Texas A&M,0.62962963,2007
698,TCU,0.46478873,2007
700,Texas Tech,0.5,2007
703,Texas,0.53793103,2007
704,UTEP,0.47154472,2007
709,Toledo,0.47058824,2007
716,Troy,0.46031746,2007
718,Tulane,0.42622951,2007
719,Tulsa,0.46710526,2007
721,Air Force,0.47727273,2007
725,Army,0.544,2007
726,Navy,0.40909091,2007
731,Utah St.,0.45384615,2007
732,Utah,0.5,2007
736,Vanderbilt,0.55284553,2007
742,Virginia Tech,0.62328767,2007
746,Virginia,0.48591549,2007
749,Wake Forest,0.49295775,2007
754,Washington St.,0.4962963,2007
756,Washington,0.5890411,2007
768,West Virginia,0.55633803,2007
774,Western Mich.,0.48360656,2007
796,Wisconsin,0.52985075,2007
811,Wyoming,0.51515152,2007
5,Akron,0.42537313,2006
8,Alabama,0.5,2006
9,UAB,0.4469697,2006
28,Arizona St.,0.54074074,2006
29,Arizona,0.6031746,2006
30,Arkansas St.,0.37007874,2006
31,Arkansas,0.59310345,2006
37,Auburn,0.56164384,2006
47,Ball St.,0.4516129,2006
51,Baylor,0.53333333,2006
66,Boise St.,0.52985075,2006
67,Boston College,0.57352941,2006
71,Bowling Green,0.4,2006
77,Brigham Young,0.47482014,2006
86,Buffalo,0.5037037,2006
96,Fresno St.,0.48091603,2006
107,California,0.55555556,2006
110,UCLA,0.56462585,2006
128,UCF,0.48780488,2006
129,Central Mich.,0.47096774,2006
140,Cincinnati,0.62406015,2006
147,Clemson,0.4965035,2006
156,Colorado St.,0.45,2006
157,Colorado,0.48333333,2006
164,Connecticut,0.60833333,2006
193,Duke,0.50406504,2006
196,East Caro.,0.46428571,2006
204,Eastern Mich.,0.46212121,2006
229,Fla. Atlantic,0.41666667,2006
231,Florida Int'l,0.41538462,2006
234,Florida St.,0.56462585,2006
235,Florida,0.67114094,2006
255,Georgia Tech,0.55944056,2006
257,Georgia,0.54545455,2006
277,Hawaii,0.46153846,2006
288,Houston,0.47857143,2006
295,Idaho,0.47540984,2006
301,Illinois,0.55737705,2006
306,Indiana,0.54098361,2006
311,Iowa St.,0.475,2006
312,Iowa,0.54198473,2006
327,Kansas St.,0.5234375,2006
328,Kansas,0.44444444,2006
331,Kent St.,0.32307692,2006
334,Kentucky,0.61481481,2006
365,LSU,0.5862069,2006
366,Louisiana Tech,0.4887218,2006
367,Louisville,0.57746479,2006
388,Marshall,0.44628099,2006
392,Maryland,0.54411765,2006
404,Memphis,0.44262295,2006
414,Miami (Ohio),0.42105263,2006
415,Miami (Fla.),0.52592593,2006
416,Michigan St.,0.48854962,2006
418,Michigan,0.63194444,2006
419,Middle Tenn. St.,0.52238806,2006
428,Minnesota,0.58955224,2006
430,Mississippi St.,0.56451613,2006
433,Mississippi,0.54471545,2006
434,Missouri,0.53383459,2006
457,North Carolina,0.54471545,2006
463,Nebraska,0.57638889,2006
465,UNLV,0.50413223,2006
466,Nevada,0.41304348,2006
472,New Mexico St.,0.45945946,2006
473,New Mexico,0.4765625,2006
490,North Carolina St.,0.53968254,2006
497,North Texas,0.390625,2006
498,La.-Monroe,0.41666667,2006
503,Northern Ill.,0.45925926,2006
509,Northwestern,0.50806452,2006
513,Notre Dame,0.55102041,2006
518,Ohio St.,0.56338028,2006
519,Ohio,0.44520548,2006
521,Oklahoma St.,0.56716418,2006
522,Oklahoma,0.53947368,2006
528,Oregon St.,0.58333333,2006
529,Oregon,0.57664234,2006
539,Penn St.,0.56296296,2006
545,Pittsburgh,0.53781513,2006
559,Purdue,0.5106383,2006
574,Rice,0.47916667,2006
587,Rutgers,0.55384615,2006
626,San Diego St.,0.53333333,2006
630,San Jose St.,0.40769231,2006
648,South Carolina,0.61481481,2006
651,South Fla.,0.49612403,2006
657,Southern California,0.60810811,2006
663,Southern Methodist,0.45528455,2006
664,Southern Miss.,0.50704225,2006
671,La.-Lafayette,0.42975207,2006
674,Stanford,0.58518519,2006
688,Syracuse,0.54198473,2006
690,Temple,0.50735294,2006
694,Tennessee,0.59027778,2006
697,Texas A&M,0.53435115,2006
698,TCU,0.4453125,2006
700,Texas Tech,0.53076923,2006
703,Texas,0.56296296,2006
704,UTEP,0.3984375,2006
709,Toledo,0.425,2006
716,Troy,0.41353383,2006
718,Tulane,0.5,2006
719,Tulsa,0.51851852,2006
721,Air Force,0.51908397,2006
725,Army,0.49586777,2006
726,Navy,0.38931298,2006
731,Utah St.,0.53383459,2006
732,Utah,0.50381679,2006
736,Vanderbilt,0.52419355,2006
742,Virginia Tech,0.55223881,2006
746,Virginia,0.46212121,2006
749,Wake Forest,0.50704225,2006
754,Washington St.,0.52631579,2006
756,Washington,0.55882353,2006
768,West Virginia,0.58015267,2006
774,Western Mich.,0.42361111,2006
796,Wisconsin,0.48091603,2006
811,Wyoming,0.46923077,2006
5,Akron,0.39805825,2003
8,Alabama,0.66216216,2003
9,UAB,0.48461538,2003
28,Arizona St.,0.51181102,2003
29,Arizona,0.60431655,2003
30,Arkansas St.,0.41509434,2003
31,Arkansas,0.55479452,2003
37,Auburn,0.58273381,2003
47,Ball St.,0.54700855,2003
51,Baylor,0.51968504,2003
66,Boise St.,0.45323741,2003
67,Boston College,0.4965035,2003
71,Bowling Green,0.6015625,2003
77,Brigham Young,0.56923077,2003
86,Buffalo,0.53043478,2003
96,Fresno St.,0.51034483,2003
107,California,0.53846154,2003
110,UCLA,0.52054795,2003
128,UCF,0.40350877,2003
129,Central Mich.,0.48514851,2003
140,Cincinnati,0.50806452,2003
147,Clemson,0.56617647,2003
156,Colorado St.,0.56716418,2003
157,Colorado,0.57246377,2003
164,Connecticut,0.37606838,2003
193,Duke,0.54761905,2003
196,East Caro.,0.45864662,2003
204,Eastern Mich.,0.48,2003
234,Florida St.,0.57638889,2003
235,Florida,0.64963504,2003
255,Georgia Tech,0.52413793,2003
257,Georgia,0.57419355,2003
277,Hawaii,0.47586207,2003
288,Houston,0.46938776,2003
295,Idaho,0.43396226,2003
301,Illinois,0.54615385,2003
306,Indiana,0.51612903,2003
311,Iowa St.,0.6031746,2003
312,Iowa,0.55102041,2003
327,Kansas St.,0.59310345,2003
328,Kansas,0.46212121,2003
331,Kent St.,0.45689655,2003
334,Kentucky,0.41935484,2003
365,LSU,0.57432432,2003
366,Louisiana Tech,0.54074074,2003
367,Louisville,0.42857143,2003
388,Marshall,0.48695652,2003
392,Maryland,0.5648855,2003
404,Memphis,0.49230769,2003
414,Miami (Ohio),0.51369863,2003
415,Miami (Fla.),0.57534247,2003
416,Michigan St.,0.52054795,2003
418,Michigan,0.57432432,2003
419,Middle Tenn. St.,0.40869565,2003
428,Minnesota,0.45454545,2003
430,Mississippi St.,0.53676471,2003
433,Mississippi,0.50704225,2003
434,Missouri,0.48507463,2003
457,North Carolina,0.48507463,2003
463,Nebraska,0.50694444,2003
465,UNLV,0.515625,2003
466,Nevada,0.49593496,2003
472,New Mexico St.,0.43103448,2003
473,New Mexico,0.49612403,2003
490,North Carolina St.,0.58518519,2003
497,North Texas,0.42105263,2003
498,La.-Monroe,0.44761905,2003
503,Northern Ill.,0.35714286,2003
509,Northwestern,0.54794521,2003
513,Notre Dame,0.64492754,2003
518,Ohio St.,0.59183673,2003
519,Ohio,0.42982456,2003
521,Oklahoma St.,0.52941176,2003
522,Oklahoma,0.56875,2003
528,Oregon St.,0.57352941,2003
529,Oregon,0.54109589,2003
539,Penn St.,0.55072464,2003
545,Pittsburgh,0.5034965,2003
559,Purdue,0.51351351,2003
574,Rice,0.43076923,2003
587,Rutgers,0.49253731,2003
626,San Diego St.,0.49541284,2003
630,San Jose St.,0.44545455,2003
648,South Carolina,0.58823529,2003
651,South Fla.,0.45631068,2003
657,Southern California,0.54421769,2003
663,Southern Methodist,0.47328244,2003
664,Southern Miss.,0.53146853,2003
671,La.-Lafayette,0.46218487,2003
674,Stanford,0.52419355,2003
688,Syracuse,0.5,2003
690,Temple,0.50806452,2003
694,Tennessee,0.51388889,2003
697,Texas A&M,0.60740741,2003
698,TCU,0.44680851,2003
700,Texas Tech,0.52083333,2003
703,Texas,0.55479452,2003
704,UTEP,0.42975207,2003
709,Toledo,0.46017699,2003
716,Troy St.,0.54054054,2003
718,Tulane,0.49206349,2003
719,Tulsa,0.47328244,2003
721,Air Force,0.475,2003
725,Army,0.48201439,2003
726,Navy,0.37606838,2003
731,Utah St.,0.41803279,2003
732,Utah,0.5,2003
736,Vanderbilt,0.56,2003
742,Virginia Tech,0.52941176,2003
746,Virginia,0.52112676,2003
749,Wake Forest,0.54074074,2003
754,Washington St.,0.53146853,2003
756,Washington,0.52985075,2003
768,West Virginia,0.5,2003
774,Western Mich.,0.49557522,2003
796,Wisconsin,0.53741497,2003
811,Wyoming,0.52941176,2003
5,Akron,0.3963964,2004
8,Alabama,0.53508772,2004
9,UAB,0.45454545,2004
28,Arizona St.,0.62204724,2004
29,Arizona,0.63888889,2004
30,Arkansas St.,0.43243243,2004
31,Arkansas,0.61261261,2004
37,Auburn,0.61788618,2004
47,Ball St.,0.44545455,2004
51,Baylor,0.61682243,2004
66,Boise St.,0.52,2004
67,Boston College,0.44954128,2004
71,Bowling Green,0.47272727,2004
77,Brigham Young,0.57522124,2004
86,Buffalo,0.37614679,2004
96,Fresno St.,0.46017699,2004
107,California,0.5483871,2004
110,UCLA,0.5,2004
128,UCF,0.42342342,2004
129,Central Mich.,0.38,2004
140,Cincinnati,0.52380952,2004
147,Clemson,0.5045045,2004
156,Colorado St.,0.56730769,2004
157,Colorado,0.57142857,2004
164,Connecticut,0.44545455,2004
193,Duke,0.56435644,2004
196,East Caro.,0.44954128,2004
204,Eastern Mich.,0.3960396,2004
234,Florida St.,0.53278689,2004
235,Florida,0.54918033,2004
255,Georgia Tech,0.57142857,2004
257,Georgia,0.61206897,2004
277,Hawaii,0.47692308,2004
288,Houston,0.53043478,2004
295,Idaho,0.45454545,2004
301,Illinois,0.5,2004
306,Indiana,0.43362832,2004
311,Iowa St.,0.53097345,2004
312,Iowa,0.608,2004
327,Kansas St.,0.55339806,2004
328,Kansas,0.58119658,2004
331,Kent St.,0.39393939,2004
334,Kentucky,0.54464286,2004
365,LSU,0.56910569,2004
366,Louisiana Tech,0.592,2004
367,Louisville,0.48760331,2004
388,Marshall,0.45454545,2004
392,Maryland,0.51376147,2004
404,Memphis,0.49107143,2004
414,Miami (Ohio),0.45081967,2004
415,Miami (Fla.),0.59677419,2004
416,Michigan St.,0.52419355,2004
418,Michigan,0.56349206,2004
419,Middle Tenn. St.,0.40952381,2004
428,Minnesota,0.52173913,2004
430,Mississippi St.,0.48039216,2004
433,Mississippi,0.53571429,2004
434,Missouri,0.45535714,2004
457,North Carolina,0.65486726,2004
463,Nebraska,0.53846154,2004
465,UNLV,0.50892857,2004
466,Nevada,0.38392857,2004
472,New Mexico St.,0.51546392,2004
473,New Mexico,0.52542373,2004
490,North Carolina St.,0.54368932,2004
497,North Texas,0.43478261,2004
498,La.-Monroe,0.44791667,2004
503,Northern Ill.,0.42727273,2004
509,Northwestern,0.53968254,2004
513,Notre Dame,0.61417323,2004
518,Ohio St.,0.5703125,2004
519,Ohio,0.42718447,2004
521,Oklahoma St.,0.578125,2004
522,Oklahoma,0.60740741,2004
528,Oregon St.,0.60629921,2004
529,Oregon,0.48275862,2004
539,Penn St.,0.52586207,2004
545,Pittsburgh,0.52777778,2004
559,Purdue,0.54330709,2004
574,Rice,0.48214286,2004
587,Rutgers,0.48979592,2004
626,San Diego St.,0.5,2004
630,San Jose St.,0.41747573,2004
648,South Carolina,0.48214286,2004
651,South Fla.,0.51923077,2004
657,Southern California,0.58088235,2004
663,Southern Methodist,0.48672566,2004
664,Southern Miss.,0.48760331,2004
671,La.-Lafayette,0.38461538,2004
674,Stanford,0.52586207,2004
688,Syracuse,0.54918033,2004
690,Temple,0.58252427,2004
694,Tennessee,0.55639098,2004
697,Texas A&M,0.671875,2004
698,TCU,0.48245614,2004
700,Texas Tech,0.57258065,2004
703,Texas,0.59375,2004
704,UTEP,0.52173913,2004
709,Toledo,0.44,2004
716,Troy,0.45217391,2004
718,Tulane,0.48514851,2004
719,Tulsa,0.47787611,2004
721,Air Force,0.52,2004
725,Army,0.47706422,2004
726,Navy,0.34020619,2004
731,Utah St.,0.44642857,2004
732,Utah,0.45762712,2004
736,Vanderbilt,0.52475248,2004
742,Virginia Tech,0.5785124,2004
746,Virginia,0.54918033,2004
749,Wake Forest,0.5049505,2004
754,Washington St.,0.5,2004
756,Washington,0.5,2004
768,West Virginia,0.48648649,2004
774,Western Mich.,0.47058824,2004
796,Wisconsin,0.47154472,2004
811,Wyoming,0.47272727,2004
5,Akron,0.41269841,2005
8,Alabama,0.53781513,2005
9,UAB,0.43,2005
28,Arizona St.,0.53719008,2005
29,Arizona,0.58252427,2005
30,Arkansas St.,0.35576923,2005
31,Arkansas,0.61165049,2005
37,Auburn,0.56140351,2005
47,Ball St.,0.5625,2005
51,Baylor,0.57,2005
66,Boise St.,0.48,2005
67,Boston College,0.56,2005
71,Bowling Green,0.44247788,2005
77,Brigham Young,0.55172414,2005
86,Buffalo,0.39449541,2005
96,Fresno St.,0.54330709,2005
107,California,0.45454545,2005
110,UCLA,0.5,2005
128,UCF,0.46923077,2005
129,Central Mich.,0.52727273,2005
140,Cincinnati,0.54,2005
147,Clemson,0.488,2005
156,Colorado St.,0.5390625,2005
157,Colorado,0.58518519,2005
164,Connecticut,0.43434343,2005
193,Duke,0.56481481,2005
196,East Caro.,0.45045045,2005
204,Eastern Mich.,0.42990654,2005
234,Florida St.,0.59055118,2005
235,Florida,0.57723577,2005
255,Georgia Tech,0.58730159,2005
257,Georgia,0.59230769,2005
277,Hawaii,0.4921875,2005
288,Houston,0.48214286,2005
295,Idaho,0.34513274,2005
301,Illinois,0.55752212,2005
306,Indiana,0.50961538,2005
311,Iowa St.,0.52727273,2005
312,Iowa,0.56034483,2005
327,Kansas St.,0.49541284,2005
328,Kansas,0.6,2005
331,Kent St.,0.43137255,2005
334,Kentucky,0.5049505,2005
365,LSU,0.56557377,2005
366,Louisiana Tech,0.42608696,2005
367,Louisville,0.46153846,2005
388,Marshall,0.5,2005
392,Maryland,0.58974359,2005
404,Memphis,0.49557522,2005
414,Miami (Ohio),0.38738739,2005
415,Miami (Fla.),0.53125,2005
416,Michigan St.,0.52173913,2005
418,Michigan,0.63492063,2005
419,Middle Tenn. St.,0.42056075,2005
428,Minnesota,0.59375,2005
430,Mississippi St.,0.51485149,2005
433,Mississippi,0.46938776,2005
434,Missouri,0.54918033,2005
457,North Carolina,0.62184874,2005
463,Nebraska,0.54464286,2005
465,UNLV,0.46086957,2005
466,Nevada,0.4,2005
472,New Mexico St.,0.464,2005
473,New Mexico,0.45689655,2005
490,North Carolina St.,0.56896552,2005
497,North Texas,0.4537037,2005
498,La.-Monroe,0.37113402,2005
503,Northern Ill.,0.5,2005
509,Northwestern,0.61417323,2005
513,Notre Dame,0.53658537,2005
518,Ohio St.,0.62992126,2005
519,Ohio,0.47787611,2005
521,Oklahoma St.,0.54368932,2005
522,Oklahoma,0.68852459,2005
528,Oregon St.,0.55445545,2005
529,Oregon,0.54054054,2005
539,Penn St.,0.57936508,2005
545,Pittsburgh,0.52,2005
559,Purdue,0.54310345,2005
574,Rice,0.56034483,2005
587,Rutgers,0.44545455,2005
626,San Diego St.,0.52,2005
630,San Jose St.,0.37735849,2005
648,South Carolina,0.58064516,2005
651,South Fla.,0.58035714,2005
657,Southern California,0.60902256,2005
663,Southern Methodist,0.44444444,2005
664,Southern Miss.,0.50892857,2005
671,La.-Lafayette,0.44,2005
674,Stanford,0.6407767,2005
688,Syracuse,0.4954955,2005
690,Temple,0.60344828,2005
694,Tennessee,0.59292035,2005
697,Texas A&M,0.58252427,2005
698,TCU,0.48780488,2005
700,Texas Tech,0.60606061,2005
703,Texas,0.61363636,2005
704,UTEP,0.4,2005
709,Toledo,0.43636364,2005
716,Troy,0.3814433,2005
718,Tulane,0.4368932,2005
719,Tulsa,0.47761194,2005
721,Air Force,0.45614035,2005
725,Army,0.55339806,2005
726,Navy,0.30769231,2005
731,Utah St.,0.43965517,2005
732,Utah,0.44715447,2005
736,Vanderbilt,0.49019608,2005
742,Virginia Tech,0.58955224,2005
746,Virginia,0.496,2005
749,Wake Forest,0.53097345,2005
754,Washington St.,0.58252427,2005
756,Washington,0.53571429,2005
768,West Virginia,0.55357143,2005
774,Western Mich.,0.38,2005
796,Wisconsin,0.51492537,2005
811,Wyoming,0.48672566,2005
5,Akron,0.48780488,2012
8,Alabama,0.58571429,2012
9,UAB,0.49180328,2012
28,Arizona St.,0.4496124,2012
29,Arizona,0.6,2012
30,Arkansas St.,0.5530303,2012
31,Arkansas,0.61157025,2012
37,Auburn,0.61157025,2012
47,Ball St.,0.5248227,2012
51,Baylor,0.57037037,2012
66,Boise St.,0.41428571,2012
67,Boston College,0.53781513,2012
71,Bowling Green,0.4453125,2012
77,BYU,0.53076923,2012
86,Buffalo,0.52892562,2012
96,Fresno St.,0.51538462,2012
107,California,0.60483871,2012
110,UCLA,0.53548387,2012
128,UCF,0.45333333,2012
129,Central Mich.,0.41538462,2012
140,Cincinnati,0.50862069,2012
147,Clemson,0.53076923,2012
156,Colorado St.,0.4789916,2012
157,Colorado,0.54471545,2012
164,Connecticut,0.41935484,2012
193,Duke,0.55813953,2012
196,East Carolina,0.43846154,2012
204,Eastern Mich.,0.54471545,2012
229,Fla. Atlantic,0.51639344,2012
231,FIU,0.47727273,2012
234,Florida St.,0.52713178,2012
235,Florida,0.68992248,2012
255,Georgia Tech,0.55395683,2012
257,Georgia,0.53571429,2012
277,Hawaii,0.43442623,2012
288,Houston,0.43939394,2012
295,Idaho,0.53097345,2012
301,Illinois,0.54545455,2012
306,Indiana,0.5,2012
311,Iowa St.,0.58015267,2012
312,Iowa,0.5483871,2012
327,Kansas St.,0.56923077,2012
328,Kansas,0.58870968,2012
331,Kent St.,0.45652174,2012
334,Kentucky,0.60833333,2012
365,LSU,0.59375,2012
366,Louisiana Tech,0.42276423,2012
367,Louisville,0.456,2012
388,Marshall,0.46341463,2012
392,Maryland,0.45689655,2012
404,Memphis,0.43801653,2012
414,Miami (OH),0.55371901,2012
415,Miami (FL),0.52941176,2012
416,Michigan St.,0.6,2012
418,Michigan,0.59310345,2012
419,Middle Tenn.,0.425,2012
428,Minnesota,0.45864662,2012
430,Mississippi St.,0.50393701,2012
433,Ole Miss,0.5648855,2012
434,Missouri,0.67213115,2012
457,North Carolina,0.45299145,2012
463,Nebraska,0.6122449,2012
465,UNLV,0.45736434,2012
466,Nevada,0.3984375,2012
472,New Mexico St.,0.42982456,2012
473,New Mexico,0.40310078,2012
490,North Carolina St.,0.448,2012
497,North Texas,0.525,2012
498,La.-Monroe,0.41304348,2012
503,Northern Ill.,0.39855072,2012
509,Northwestern,0.48854962,2012
513,Notre Dame,0.6137931,2012
518,Ohio St.,0.4887218,2012
519,Ohio,0.39534884,2012
521,Oklahoma St.,0.56060606,2012
522,Oklahoma,0.59090909,2012
528,Oregon St.,0.58518519,2012
529,Oregon,0.59090909,2012
539,Penn St.,0.515625,2012
545,Pittsburgh,0.54700855,2012
559,Purdue,0.5,2012
574,Rice,0.39568345,2012
587,Rutgers,0.46825397,2012
626,San Diego St.,0.48837209,2012
630,San Jose St.,0.55555556,2012
648,South Carolina,0.58139535,2012
651,South Fla.,0.58119658,2012
657,Southern California,0.55172414,2012
663,SMU,0.48507463,2012
664,Southern Miss.,0.5,2012
671,La.-Lafayette,0.45038168,2012
674,Stanford,0.6025641,2012
688,Syracuse,0.52755906,2012
690,Temple,0.48571429,2012
694,Tennessee,0.55833333,2012
697,Texas A&M,0.6302521,2012
698,TCU,0.53030303,2012
700,Texas Tech,0.49618321,2012
703,Texas,0.5248227,2012
704,UTEP,0.44117647,2012
709,Toledo,0.515625,2012
716,Troy,0.41732283,2012
718,Tulane,0.48120301,2012
719,Tulsa,0.46808511,2012
721,Air Force,0.41538462,2012
725,Army,0.49579832,2012
726,Navy,0.50387597,2012
731,Utah St.,0.45967742,2012
732,Utah,0.48760331,2012
736,Vanderbilt,0.5,2012
742,Virginia Tech,0.5511811,2012
746,Virginia,0.49152542,2012
749,Wake Forest,0.51282051,2012
754,Washington St.,0.49180328,2012
756,Washington,0.57575758,2012
768,West Virginia,0.52307692,2012
772,Western Ky.,0.45384615,2012
774,Western Mich.,0.43801653,2012
796,Wisconsin,0.59027778,2012
811,Wyoming,0.47933884,2012
