Rank,Name,Games,Plays,Yds,Avg,TDs,Ydspgm,Wins,Losses,Ties,Year,Team Code
9,Akron,12,923,5643,6.11,55,470.25,7,5,0,2003,5
88,Akron,11,731,3705,5.07,35,336.82,6,5,0,2004,5
54,Akron,13,963,4996,5.19,38,384.31,7,6,0,2005,5
93,Akron,12,749,3725,4.97,32,310.42,5,7,0,2006,5
111,Akron,12,813,3740,4.6,30,311.67,4,8,0,2007,5
40,Akron,12,839,4760,5.67,44,396.67,5,7,0,2008,5
113,Akron,12,735,3611,4.91,30,300.92,3,9,0,2009,5
119,Akron,12,742,3222,4.34,23,268.5,1,11,0,2010,5
115,Akron,12,789,3333,4.22,20,277.75,1,11,0,2011,5
45,Akron,12,948,5126,5.41,41,427.17,1,11,0,2012,5
79,Alabama,13,901,4557,5.06,41,350.54,4,9,0,2003,8
94,Alabama,12,763,3920,5.14,35,326.67,6,6,0,2004,8
67,Alabama,12,814,4307,5.29,30,358.92,10,2,0,2005,8
65,Alabama,13,848,4367,5.15,34,335.92,6,7,0,2006,8
75,Alabama,13,962,4859,5.05,39,373.77,7,6,0,2007,8
63,Alabama,14,902,4981,5.52,52,355.79,12,2,0,2008,8
42,Alabama,14,947,5642,5.96,52,403,14,0,0,2009,8
22,Alabama,13,829,5773,6.96,58,444.08,10,3,0,2010,8
31,Alabama,13,865,5585,6.46,55,429.62,12,1,0,2011,8
31,Alabama,14,898,6237,6.95,71,445.5,13,1,0,2012,8
81,UAB,12,780,4188,5.37,28,349,5,7,0,2003,9
33,UAB,12,792,4836,6.11,48,403,7,5,0,2004,9
21,UAB,11,753,4781,6.35,38,434.64,5,6,0,2005,9
95,UAB,12,736,3721,5.06,28,310.08,3,9,0,2006,9
104,UAB,12,806,3907,4.85,24,325.58,2,10,0,2007,9
56,UAB,12,788,4394,5.58,31,366.17,4,8,0,2008,9
22,UAB,12,754,5111,6.78,42,425.92,5,7,0,2009,9
30,UAB,12,882,5074,5.75,42,422.83,4,8,0,2010,9
81,UAB,12,842,4368,5.19,28,364,3,9,0,2011,9
50,UAB,12,895,5029,5.62,43,419.08,3,9,0,2012,9
45,Arizona St.,12,868,4699,5.41,39,391.58,5,7,0,2003,28
16,Arizona St.,12,937,5225,5.58,43,435.42,9,3,0,2004,28
2,Arizona St.,12,940,6229,6.63,59,519.08,7,5,0,2005,28
42,Arizona St.,13,846,4775,5.64,44,367.31,7,6,0,2006,28
56,Arizona St.,13,977,5195,5.32,50,399.62,10,3,0,2007,28
100,Arizona St.,12,764,3713,4.86,31,309.42,5,7,0,2008,28
90,Arizona St.,12,800,4013,5.02,34,334.42,4,8,0,2009,28
29,Arizona St.,12,877,5108,5.82,48,425.67,6,6,0,2010,28
25,Arizona St.,13,950,5795,6.1,55,445.77,6,7,0,2011,28
25,Arizona St.,13,1011,6039,5.97,65,464.54,8,5,0,2012,28
108,Arizona,12,775,3690,4.76,25,307.5,2,10,0,2003,29
112,Arizona,11,698,3178,4.55,20,288.91,3,8,0,2004,29
74,Arizona,11,750,3864,5.15,33,351.27,3,8,0,2005,29
115,Arizona,12,735,3034,4.13,22,252.83,6,6,0,2006,29
67,Arizona,12,851,4623,5.43,39,385.25,5,7,0,2007,29
33,Arizona,13,916,5231,5.71,62,402.38,8,5,0,2008,29
58,Arizona,13,914,4999,5.47,44,384.54,8,5,0,2009,29
24,Arizona,13,959,5712,5.96,47,439.38,7,6,0,2010,29
16,Arizona,12,908,5583,6.15,49,465.25,4,8,0,2011,29
7,Arizona,13,1082,6840,6.32,65,526.15,8,5,0,2012,29
105,Arkansas St.,12,788,3727,4.73,33,310.58,5,7,0,2003,30
71,Arkansas St.,11,742,3940,5.31,26,358.18,3,8,0,2004,30
62,Arkansas St.,12,780,4441,5.69,36,370.08,6,6,0,2005,30
89,Arkansas St.,12,807,3747,4.64,21,312.25,6,6,0,2006,30
70,Arkansas St.,12,848,4558,5.38,35,379.83,5,7,0,2007,30
38,Arkansas St.,12,796,4786,6.01,39,398.83,6,6,0,2008,30
95,Arkansas St.,12,758,3946,5.21,33,328.83,4,8,0,2009,30
40,Arkansas St.,12,856,4841,5.66,47,403.42,4,8,0,2010,30
24,Arkansas St.,13,1016,5822,5.73,50,447.85,10,3,0,2011,30
23,Arkansas St.,13,952,6067,6.37,58,466.69,10,3,0,2012,30
24,Arkansas,13,930,5607,6.03,56,431.31,9,4,0,2003,31
36,Arkansas,11,753,4377,5.81,45,397.91,5,6,0,2004,31
66,Arkansas,11,761,3967,5.21,35,360.64,4,7,0,2005,31
29,Arkansas,14,841,5292,6.29,55,378,10,4,0,2006,31
17,Arkansas,13,938,5850,6.24,62,450,8,5,0,2007,31
49,Arkansas,12,821,4477,5.45,34,373.08,5,7,0,2008,31
20,Arkansas,13,834,5555,6.66,60,427.31,8,5,0,2009,31
9,Arkansas,13,886,6273,7.08,60,482.54,10,3,0,2010,31
29,Arkansas,13,883,5695,6.45,59,438.08,11,2,0,2011,31
49,Arkansas,12,826,5042,6.1,35,420.17,4,8,0,2012,31
61,Auburn,13,864,4891,5.66,44,376.23,8,5,0,2003,37
25,Auburn,13,861,5469,6.35,54,420.69,13,0,0,2004,37
37,Auburn,12,820,4918,6,50,409.83,9,3,0,2005,37
76,Auburn,13,752,4172,5.55,37,320.92,11,2,0,2006,37
97,Auburn,13,899,4357,4.85,38,335.15,9,4,0,2007,37
104,Auburn,12,810,3635,4.49,25,302.92,5,7,0,2008,37
16,Auburn,13,914,5613,6.14,55,431.77,8,5,0,2009,37
7,Auburn,14,948,6989,7.37,75,499.21,14,0,0,2010,37
100,Auburn,13,828,4392,5.3,42,337.85,8,5,0,2011,37
115,Auburn,12,695,3660,5.27,27,305,3,9,0,2012,37
86,Ball St.,12,844,4108,4.87,32,342.33,4,8,0,2003,47
96,Ball St.,11,768,3556,4.63,27,323.27,2,9,0,2004,47
106,Ball St.,11,750,3289,4.39,30,299,4,7,0,2005,47
51,Ball St.,12,739,4215,5.7,39,351.25,5,7,0,2006,47
31,Ball St.,13,951,5640,5.93,51,433.85,7,6,0,2007,47
17,Ball St.,14,925,6195,6.7,63,442.5,12,2,0,2008,47
114,Ball St.,12,750,3526,4.7,25,293.83,2,10,0,2009,47
106,Ball St.,12,754,3670,4.87,32,305.83,4,8,0,2010,47
68,Ball St.,12,859,4553,5.3,37,379.42,6,6,0,2011,47
27,Ball St.,13,1035,5944,5.74,52,457.23,9,4,0,2012,47
114,Baylor,12,822,3377,4.11,24,281.42,3,9,0,2003,51
102,Baylor,11,761,3430,4.51,27,311.82,3,8,0,2004,51
97,Baylor,11,777,3497,4.5,27,317.91,5,6,0,2005,51
86,Baylor,12,745,3782,5.08,36,315.17,4,8,0,2006,51
85,Baylor,12,859,4215,4.91,29,351.25,3,9,0,2007,51
46,Baylor,12,771,4517,5.86,46,376.42,4,8,0,2008,51
85,Baylor,12,777,4115,5.3,32,342.92,4,8,0,2009,51
13,Baylor,13,939,6179,6.58,50,475.31,7,6,0,2010,51
2,Baylor,13,1000,7632,7.63,80,587.08,10,3,0,2011,51
2,Baylor,13,1072,7439,6.94,76,572.23,8,5,0,2012,51
7,Boise St.,14,1061,6809,6.42,77,486.36,13,1,0,2003,66
4,Boise St.,12,951,5912,6.22,74,492.67,11,1,0,2004,66
29,Boise St.,13,950,5524,5.81,64,424.92,9,4,0,2005,66
10,Boise St.,13,857,5468,6.38,68,420.62,13,0,0,2006,66
12,Boise St.,13,978,6076,6.21,72,467.38,10,3,0,2007,66
18,Boise St.,13,887,5731,6.46,63,440.85,12,1,0,2008,66
10,Boise St.,14,966,6303,6.52,76,450.21,14,0,0,2009,66
2,Boise St.,13,910,6777,7.45,77,521.31,12,1,0,2010,66
9,Boise St.,13,969,6257,6.46,81,481.31,12,1,0,2011,66
68,Boise St.,13,872,5087,5.83,50,391.31,11,2,0,2012,66
35,Boston College,13,954,5259,5.51,48,404.54,8,5,0,2003,67
47,Boston College,12,875,4625,5.29,37,385.42,9,3,0,2004,67
51,Boston College,12,865,4653,5.38,40,387.75,9,3,0,2005,67
50,Boston College,13,896,4604,5.14,42,354.15,10,3,0,2006,67
33,Boston College,14,1081,5951,5.51,52,425.07,11,3,0,2007,67
94,Boston College,14,966,4471,4.63,43,319.36,9,5,0,2008,67
98,Boston College,13,823,4211,5.12,40,323.92,8,5,0,2009,67
109,Boston College,13,815,3888,4.77,25,299.08,7,5,0,2010,67
112,Boston College,12,761,3585,4.71,27,298.75,4,8,0,2011,67
99,Boston College,12,818,4198,5.13,26,349.83,2,10,0,2012,67
3,Bowling Green,14,1111,6954,6.26,61,496.71,11,3,0,2003,71
2,Bowling Green,12,904,6076,6.72,69,506.33,9,3,0,2004,71
27,Bowling Green,11,829,4705,5.68,51,427.73,6,5,0,2005,71
56,Bowling Green,12,852,4149,4.87,32,345.75,4,8,0,2006,71
53,Bowling Green,13,940,5232,5.57,49,402.46,8,5,0,2007,71
60,Bowling Green,12,818,4317,5.28,44,359.75,6,6,0,2008,71
43,Bowling Green,13,956,5235,5.48,48,402.69,7,6,0,2009,71
115,Bowling Green,12,820,3533,4.31,35,294.42,1,10,0,2010,71
62,Bowling Green,12,830,4614,5.56,42,384.5,5,7,0,2011,71
91,Bowling Green,13,895,4751,5.31,39,365.46,8,5,0,2012,71
102,BYU,12,846,3775,4.46,21,314.58,4,8,0,2003,77
48,BYU,11,806,4210,5.22,32,382.73,5,6,0,2004,77
13,BYU,12,934,5549,5.94,51,462.42,6,6,0,2005,77
4,BYU,13,889,6051,6.81,63,465.46,11,2,0,2006,77
25,BYU,13,996,5756,5.78,52,442.77,11,2,0,2007,77
16,BYU,13,917,5782,6.31,59,444.77,10,3,0,2008,77
21,BYU,13,889,5553,6.25,62,427.15,11,2,0,2009,77
73,BYU,13,946,4764,5.04,41,366.46,7,6,0,2010,77
41,BYU,13,958,5274,5.51,49,405.69,10,3,0,2011,77
60,BYU,13,1003,5205,5.19,50,400.38,8,5,0,2012,77
112,Buffalo,12,833,3487,4.19,19,290.58,1,11,0,2003,86
116,Buffalo,11,700,2965,4.24,26,269.55,2,9,0,2004,86
112,Buffalo,11,742,3063,4.13,14,278.45,1,10,0,2005,86
109,Buffalo,12,734,3218,4.38,28,268.17,2,10,0,2006,86
89,Buffalo,12,809,4175,5.16,35,347.92,5,7,0,2007,86
54,Buffalo,14,958,5184,5.41,56,370.29,8,6,0,2008,86
39,Buffalo,12,836,4865,5.82,37,405.42,5,7,0,2009,86
111,Buffalo,12,850,3572,4.2,21,297.67,2,10,0,2010,86
80,Buffalo,12,858,4382,5.11,34,365.17,3,9,0,2011,86
83,Buffalo,12,866,4510,5.21,32,375.83,4,8,0,2012,86
77,Fresno St.,14,998,4936,4.95,37,352.57,9,5,0,2003,96
31,Fresno St.,12,804,4854,6.04,65,404.5,9,3,0,2004,96
29,Fresno St.,13,906,5524,6.1,63,424.92,8,5,0,2005,96
63,Fresno St.,12,752,4058,5.4,35,338.17,4,8,0,2006,96
38,Fresno St.,13,907,5454,6.01,54,419.54,9,4,0,2007,96
43,Fresno St.,13,851,5034,5.92,49,387.23,7,6,0,2008,96
17,Fresno St.,13,876,5597,6.39,56,430.54,8,5,0,2009,96
70,Fresno St.,13,858,4818,5.62,45,370.62,8,5,0,2010,96
37,Fresno St.,13,887,5354,6.04,49,411.85,4,9,0,2011,96
16,Fresno St.,13,1006,6208,6.17,66,477.54,9,4,0,2012,96
23,California,14,994,6061,6.1,59,432.93,8,6,0,2003,107
5,California,12,840,5909,7.03,59,492.42,10,2,0,2004,107
26,California,11,804,5135,6.39,53,427.92,7,4,0,2005,107
12,California,13,840,5408,6.44,54,416,10,3,0,2006,107
50,California,13,884,5260,5.95,49,404.62,7,6,0,2007,107
47,California,13,832,4888,5.88,54,376,9,4,0,2008,107
49,California,13,864,5098,5.9,48,392.15,8,5,0,2009,107
90,California,12,760,4008,5.27,40,334,5,7,0,2010,107
44,California,13,924,5219,5.65,45,401.46,7,6,0,2011,107
69,California,12,817,4695,5.75,33,391.25,3,9,0,2012,107
110,UCLA,13,885,3834,4.33,29,294.92,6,7,0,2003,110
28,UCLA,12,824,4920,5.97,45,410,6,6,0,2004,110
23,UCLA,12,825,5172,6.27,62,431,10,2,0,2005,110
71,UCLA,13,836,4291,5.13,31,330.08,7,6,0,2006,110
99,UCLA,13,916,4337,4.73,31,333.62,6,7,0,2007,110
111,UCLA,12,812,3399,4.19,22,283.25,4,8,0,2008,110
88,UCLA,13,857,4386,5.12,28,337.38,7,6,0,2009,110
100,UCLA,12,802,3800,4.74,29,316.67,4,8,0,2010,110
72,UCLA,14,898,5273,5.87,42,376.64,6,8,0,2011,110
24,UCLA,14,1095,6531,5.96,62,466.5,9,5,0,2012,110
101,UCF,12,766,3837,5.01,28,319.75,3,9,0,2003,128
114,UCF,11,729,3080,4.22,21,280,0,11,0,2004,128
40,UCF,13,951,5217,5.49,44,401.31,8,5,0,2005,128
34,UCF,12,823,4478,5.44,26,373.17,4,8,0,2006,128
45,UCF,14,1016,5763,5.67,62,411.64,10,4,0,2007,128
119,UCF,12,761,2754,3.62,25,229.5,4,8,0,2008,128
87,UCF,13,859,4431,5.16,43,340.85,8,5,0,2009,128
65,UCF,14,898,5236,5.83,60,374,11,3,0,2010,128
40,UCF,12,812,4881,6.01,40,406.75,5,7,0,2011,128
57,UCF,14,939,5703,6.07,67,407.36,10,4,0,2012,128
69,Central Mich.,12,884,4448,5.03,38,370.67,3,9,0,2003,129
39,Central Mich.,11,823,4351,5.29,34,395.55,4,7,0,2004,129
35,Central Mich.,11,860,4608,5.36,33,418.91,6,5,0,2005,129
32,Central Mich.,14,869,5254,6.05,55,375.29,10,4,0,2006,129
21,Central Mich.,14,1076,6258,5.82,66,447,8,6,0,2007,129
23,Central Mich.,13,964,5505,5.71,48,423.46,8,5,0,2008,129
24,Central Mich.,14,994,5924,5.96,61,423.14,12,2,0,2009,129
50,Central Mich.,12,860,4677,5.44,38,389.75,3,9,0,2010,129
57,Central Mich.,12,791,4679,5.92,33,389.92,3,9,0,2011,129
63,Central Mich.,13,828,5132,6.2,47,394.77,7,6,0,2012,129
44,Cincinnati,12,956,4721,4.94,35,393.42,5,7,0,2003,140
30,Cincinnati,12,901,4867,5.4,44,405.58,7,5,0,2004,140
93,Cincinnati,11,774,3569,4.61,26,324.45,4,7,0,2005,140
61,Cincinnati,13,858,4426,5.16,31,340.46,8,5,0,2006,140
30,Cincinnati,13,941,5641,5.99,63,433.92,10,3,0,2007,140
52,Cincinnati,14,927,5189,5.6,45,370.64,11,3,0,2008,140
11,Cincinnati,13,833,5817,6.98,66,447.46,12,1,0,2009,140
32,Cincinnati,12,837,5008,5.98,42,417.33,4,8,0,2010,140
61,Cincinnati,13,892,5014,5.62,55,385.69,10,3,0,2011,140
36,Cincinnati,13,863,5723,6.63,53,440.23,10,3,0,2012,140
30,Clemson,13,955,5466,5.72,45,420.46,9,4,0,2003,147
110,Clemson,11,735,3252,4.42,27,295.64,6,5,0,2004,147
53,Clemson,12,827,4615,5.58,35,384.58,8,4,0,2005,147
15,Clemson,13,822,5342,6.5,55,410.92,8,5,0,2006,147
52,Clemson,13,963,5242,5.44,51,403.23,9,4,0,2007,147
87,Clemson,13,831,4282,5.15,40,329.38,7,6,0,2008,147
74,Clemson,14,886,5073,5.73,54,362.36,9,5,0,2009,147
88,Clemson,13,866,4350,5.02,39,334.62,6,7,0,2010,147
26,Clemson,14,1055,6171,5.85,58,440.79,10,4,0,2011,147
9,Clemson,13,1062,6665,6.28,68,512.69,11,2,0,2012,147
21,Colorado St.,13,900,5706,6.34,49,438.92,7,6,0,2003,156
58,Colorado St.,11,742,4102,5.53,31,372.91,4,7,0,2004,156
38,Colorado St.,12,822,4896,5.96,41,408,6,6,0,2005,156
100,Colorado St.,12,735,3535,4.81,26,294.58,4,8,0,2006,156
71,Colorado St.,12,838,4546,5.42,37,378.83,3,9,0,2007,156
41,Colorado St.,13,883,5146,5.83,40,395.85,7,6,0,2008,156
79,Colorado St.,12,741,4214,5.69,33,351.17,3,9,0,2009,156
87,Colorado St.,12,785,4018,5.12,22,334.83,3,9,0,2010,156
87,Colorado St.,12,796,4217,5.3,32,351.42,3,9,0,2011,156
100,Colorado St.,12,750,4068,5.42,33,339,4,8,0,2012,156
66,Colorado,12,887,4473,5.04,44,372.75,5,7,0,2003,157
85,Colorado,13,866,4417,5.1,34,339.77,8,5,0,2004,157
87,Colorado,13,881,4330,4.91,33,333.08,7,6,0,2005,157
102,Colorado,12,715,3497,4.89,20,291.42,2,10,0,2006,157
72,Colorado,13,961,4921,5.12,44,378.54,6,7,0,2007,157
95,Colorado,12,843,3822,4.53,32,318.5,5,7,0,2008,157
104,Colorado,12,852,3772,4.43,34,314.33,3,9,0,2009,157
79,Colorado,12,847,4316,5.1,37,359.67,5,7,0,2010,157
92,Colorado,13,851,4502,5.29,32,346.31,3,10,0,2011,157
116,Colorado,12,829,3633,4.38,28,302.75,1,11,0,2012,157
8,Connecticut,12,946,5730,6.06,54,477.5,9,3,0,2003,164
19,Connecticut,12,885,5157,5.83,44,429.75,8,4,0,2004,164
94,Connecticut,11,793,3567,4.5,34,324.27,5,6,0,2005,164
73,Connecticut,12,799,3887,4.86,34,323.92,4,8,0,2006,164
90,Connecticut,13,895,4513,5.04,40,347.15,9,4,0,2007,164
62,Connecticut,13,885,4629,5.23,37,356.08,8,5,0,2008,164
57,Connecticut,13,903,5034,5.57,52,387.23,8,5,0,2009,164
96,Connecticut,13,858,4235,4.94,38,325.77,8,5,0,2010,164
108,Connecticut,12,825,3758,4.56,32,313.17,5,7,0,2011,164
110,Connecticut,12,807,3820,4.73,24,318.33,5,7,0,2012,164
85,Duke,12,906,4116,4.54,25,343,4,8,0,2003,193
117,Duke,11,700,2931,4.19,21,266.45,2,9,0,2004,193
116,Duke,11,719,2729,3.8,22,248.09,1,10,0,2005,193
105,Duke,12,770,3401,4.42,24,283.42,0,12,0,2006,193
117,Duke,12,759,3253,4.29,29,271.08,1,11,0,2007,193
102,Duke,12,829,3646,4.4,29,303.83,4,8,0,2008,193
69,Duke,12,840,4422,5.26,35,368.5,5,7,0,2009,193
59,Duke,12,872,4576,5.25,34,381.33,3,8,0,2010,193
79,Duke,12,858,4395,5.12,35,366.25,3,9,0,2011,193
55,Duke,13,990,5319,5.37,50,409.15,6,7,0,2012,193
79,East Carolina,14,936,4765,5.09,38,340.36,9,5,0,2008,196
67,East Carolina,14,981,5172,5.27,45,369.43,9,5,0,2009,196
25,East Carolina,13,990,5689,5.75,62,437.62,6,7,0,2010,196
50,East Carolina,12,921,4742,5.15,40,395.17,5,7,0,2011,196
56,East Carolina,13,947,5311,5.61,52,408.54,8,5,0,2012,196
116,Eastern Mich.,12,781,3246,4.16,23,270.5,3,9,0,2003,204
21,Eastern Mich.,11,877,4707,5.37,37,427.91,4,7,0,2004,204
80,Eastern Mich.,11,781,3805,4.87,27,345.91,4,7,0,2005,204
107,Eastern Mich.,12,744,3315,4.46,17,276.25,1,11,0,2006,204
95,Eastern Mich.,12,819,4050,4.95,39,337.5,4,8,0,2007,204
25,Eastern Mich.,12,917,5010,5.46,40,417.5,3,9,0,2008,204
116,Eastern Mich.,12,748,3340,4.47,24,278.33,0,12,0,2009,204
91,Eastern Mich.,12,793,4001,5.05,31,333.42,2,10,0,2010,204
93,Eastern Mich.,12,777,4140,5.33,31,345,6,6,0,2011,204
101,Eastern Mich.,12,756,4029,5.33,33,335.75,2,10,0,2012,204
na,Fla. Atlantic,12,837,4721,5.58,33,393.42,9,3,0,2004,229
na,Fla. Atlantic,11,720,3215,4.66,20,292.27,2,9,0,2005,229
98,Fla. Atlantic,12,804,3568,4.44,22,297.33,5,7,0,2006,229
41,Fla. Atlantic,13,967,5422,5.61,50,417.08,8,5,0,2007,229
42,Fla. Atlantic,13,873,5116,5.86,42,393.54,7,6,0,2008,229
15,Fla. Atlantic,12,878,5185,5.91,44,432.08,5,7,0,2009,229
107,Fla. Atlantic,12,741,3631,4.9,26,302.58,4,8,0,2010,229
120,Fla. Atlantic,12,738,2985,4.04,19,248.75,1,11,0,2011,229
98,Fla. Atlantic,12,826,4208,5.09,32,350.67,3,9,0,2012,229
100,FIU,12,856,3851,4.5,35,320.92,3,9,0,2009,231
46,FIU,13,906,5136,5.67,46,395.08,7,6,0,2010,231
82,FIU,13,867,4687,5.41,37,360.54,8,5,0,2011,231
76,FIU,12,858,4605,5.37,40,383.75,3,9,0,2012,231
37,Florida St.,13,908,5237,5.77,52,402.85,10,3,0,2003,234
61,Florida St.,12,862,4470,5.19,33,372.5,9,3,0,2004,234
59,Florida St.,13,902,4896,5.43,46,376.62,8,5,0,2005,234
70,Florida St.,13,802,4294,5.35,42,330.31,7,6,0,2006,234
80,Florida St.,13,912,4800,5.26,32,369.23,7,6,0,2007,234
51,Florida St.,13,870,4834,5.56,51,371.85,9,4,0,2008,234
28,Florida St.,13,859,5478,6.38,48,421.38,7,6,0,2009,234
60,Florida St.,14,897,5338,5.95,53,381.29,9,4,0,2010,234
77,Florida St.,13,820,4799,5.85,48,369.15,9,4,0,2011,234
19,Florida St.,14,941,6601,7.01,68,471.5,12,2,0,2012,234
46,Florida,13,860,5088,5.92,47,391.38,8,5,0,2003,235
22,Florida,12,822,5123,6.23,49,426.92,7,5,0,2004,235
61,Florida,12,840,4481,5.33,43,373.42,9,3,0,2005,235
19,Florida,14,875,5545,6.34,57,396.07,13,1,0,2006,235
14,Florida,13,848,5943,7.01,75,457.15,9,4,0,2007,235
15,Florida,14,874,6231,7.13,82,445.07,13,1,0,2008,235
6,Florida,14,919,6410,6.97,63,457.86,13,1,0,2009,235
82,Florida,13,885,4561,5.15,52,350.85,8,5,0,2010,235
105,Florida,13,789,4273,5.42,37,328.69,7,6,0,2011,235
103,Florida,13,827,4347,5.26,39,334.38,11,2,0,2012,235
94,Georgia Tech,13,888,4298,4.84,32,330.62,7,6,0,2003,255
80,Georgia Tech,12,832,4157,5,31,346.42,7,5,0,2004,255
78,Georgia Tech,12,882,4188,4.75,27,349,7,5,0,2005,255
67,Georgia Tech,14,895,4649,5.19,45,332.07,9,5,0,2006,255
69,Georgia Tech,13,911,5004,5.49,39,384.92,7,6,0,2007,255
50,Georgia Tech,13,805,4842,6.01,40,372.46,9,4,0,2008,255
26,Georgia Tech,14,960,5910,6.16,62,422.14,11,3,0,2009,255
36,Georgia Tech,13,921,5294,5.75,42,407.23,6,7,0,2010,255
18,Georgia Tech,13,885,5964,6.74,59,458.77,8,5,0,2011,255
35,Georgia Tech,14,1002,6175,6.16,63,441.07,7,7,0,2012,255
58,Georgia,14,1023,5324,5.2,40,380.29,11,3,0,2003,257
31,Georgia,12,826,4854,5.88,41,404.5,10,2,0,2004,257
49,Georgia,13,818,5085,6.22,45,391.15,10,3,0,2005,257
90,Georgia,13,768,4053,5.28,40,311.77,9,4,0,2006,257
74,Georgia,13,874,4883,5.59,53,375.62,11,2,0,2007,257
22,Georgia,13,826,5538,6.7,52,426,10,3,0,2008,257
75,Georgia,13,793,4708,5.94,45,362.15,8,5,0,2009,257
56,Georgia,13,814,5005,6.15,51,385,6,7,0,2010,257
39,Georgia,14,1016,5719,5.63,54,408.5,10,4,0,2011,257
22,Georgia,14,924,6547,7.09,72,467.64,12,2,0,2012,257
6,Hawaii,14,1072,6834,6.38,63,488.14,9,5,0,2003,277
17,Hawaii,13,900,5649,6.28,63,434.54,8,5,0,2004,277
11,Hawaii,12,857,5714,6.67,48,476.17,5,7,0,2005,277
1,Hawaii,14,913,7829,8.58,89,559.21,11,3,0,2006,277
3,Hawaii,13,942,6657,7.07,76,512.08,12,1,0,2007,277
72,Hawaii,14,902,4841,5.37,45,345.79,7,7,0,2008,277
14,Hawaii,13,861,5687,6.61,37,437.46,6,7,0,2009,277
6,Hawaii,14,926,7009,7.57,72,500.64,10,4,0,2010,277
43,Hawaii,13,899,5254,5.84,56,404.15,6,7,0,2011,277
118,Hawaii,12,837,3569,4.26,31,297.42,3,9,0,2012,277
12,Houston,13,1018,5958,5.85,58,458.31,7,6,0,2003,288
44,Houston,11,820,4287,5.23,28,389.73,3,8,0,2004,288
19,Houston,12,899,5265,5.86,43,438.75,6,6,0,2005,288
7,Houston,14,935,6245,6.68,60,446.07,10,4,0,2006,288
4,Houston,13,1036,6525,6.3,59,501.92,8,5,0,2007,288
2,Houston,13,1016,7316,7.2,71,562.77,8,5,0,2008,288
1,Houston,14,1150,7887,6.86,77,563.36,10,4,0,2009,288
11,Houston,12,894,5766,6.45,59,480.5,5,7,0,2010,288
1,Houston,14,1102,8387,7.61,93,599.07,13,1,0,2011,288
15,Houston,12,984,5755,5.85,47,479.58,5,7,0,2012,288
59,Idaho,12,848,4557,5.37,33,379.75,3,9,0,2003,295
84,Idaho,12,852,4080,4.79,33,340,3,9,0,2004,295
86,Idaho,11,773,3692,4.78,27,335.64,2,9,0,2005,295
94,Idaho,12,745,3723,5,24,310.25,4,8,0,2006,295
87,Idaho,12,866,4196,4.85,31,349.67,1,11,0,2007,295
93,Idaho,12,804,3851,4.79,30,320.92,2,10,0,2008,295
9,Idaho,13,849,5868,6.91,55,451.38,8,5,0,2009,295
55,Idaho,13,922,5028,5.45,42,386.77,6,7,0,2010,295
111,Idaho,12,810,3618,4.47,30,301.5,2,10,0,2011,295
112,Idaho,12,798,3781,4.74,19,315.08,1,11,0,2012,295
87,Illinois,12,826,4084,4.94,23,340.33,1,11,0,2003,301
86,Illinois,11,759,3719,4.9,31,338.09,3,8,0,2004,301
72,Illinois,11,809,3901,4.82,21,354.64,2,9,0,2005,301
57,Illinois,12,766,4144,5.41,27,345.33,2,10,0,2006,301
34,Illinois,13,918,5525,6.02,45,425,9,4,0,2007,301
19,Illinois,12,853,5266,6.17,43,438.83,5,7,0,2008,301
47,Illinois,12,828,4722,5.7,38,393.5,3,9,0,2009,301
45,Illinois,13,903,5162,5.72,50,397.08,7,6,0,2010,301
85,Illinois,13,912,4624,5.07,38,355.69,7,6,0,2011,301
119,Illinois,12,797,3560,4.47,25,296.67,2,10,0,2012,301
98,Indiana,12,885,3861,4.36,20,321.75,2,10,0,2003,306
99,Indiana,11,764,3525,4.61,33,320.45,3,8,0,2004,306
75,Indiana,11,828,3859,4.66,34,350.82,4,7,0,2005,306
66,Indiana,12,822,4031,4.9,35,335.92,5,7,0,2006,306
61,Indiana,13,921,5119,5.56,50,393.77,7,6,0,2007,306
71,Indiana,12,803,4178,5.2,31,348.17,3,9,0,2008,306
72,Indiana,12,809,4380,5.41,34,365,4,8,0,2009,306
54,Indiana,12,861,4650,5.4,39,387.5,5,7,0,2010,306
83,Indiana,12,870,4325,4.97,31,360.42,1,11,0,2011,306
34,Indiana,12,939,5304,5.65,46,442,4,8,0,2012,306
109,Iowa St.,12,824,3570,4.33,21,297.5,2,10,0,2003,311
91,Iowa St.,12,887,3949,4.45,31,329.08,7,5,0,2004,311
76,Iowa St.,12,859,4204,4.89,42,350.33,7,5,0,2005,311
81,Iowa St.,12,779,3814,4.9,29,317.83,4,8,0,2006,311
102,Iowa St.,12,896,3923,4.38,27,326.92,3,9,0,2007,311
44,Iowa St.,12,841,4642,5.52,36,386.83,2,10,0,2008,311
73,Iowa St.,13,896,4741,5.29,33,364.69,7,6,0,2009,311
99,Iowa St.,12,828,3809,4.6,34,317.42,5,7,0,2010,311
60,Iowa St.,13,1022,5025,4.92,38,386.54,6,7,0,2011,311
92,Iowa St.,13,923,4734,5.13,41,364.15,6,7,0,2012,311
92,Iowa,13,855,4343,5.08,45,334.08,10,3,0,2003,312
101,Iowa,12,813,3752,4.62,33,312.67,10,2,0,2004,312
22,Iowa,12,840,5189,6.18,44,432.42,7,5,0,2005,312
27,Iowa,13,855,4983,5.83,38,383.31,6,7,0,2006,312
109,Iowa,12,814,3796,4.66,28,316.33,6,6,0,2007,312
53,Iowa,13,835,4815,5.77,48,370.38,9,4,0,2008,312
89,Iowa,13,846,4372,5.17,35,336.31,11,2,0,2009,312
57,Iowa,13,806,4978,6.18,48,382.92,8,5,0,2010,312
76,Iowa,13,866,4842,5.59,45,372.46,7,6,0,2011,312
114,Iowa,12,793,3725,4.7,26,310.42,4,8,0,2012,312
17,Kansas St.,15,1059,6615,6.25,73,441,11,4,0,2003,327
68,Kansas St.,11,794,4001,5.04,41,363.73,4,7,0,2004,327
83,Kansas St.,11,750,3737,4.98,36,339.73,5,6,0,2005,327
85,Kansas St.,13,787,4098,5.21,35,315.23,7,6,0,2006,327
40,Kansas St.,12,861,5018,5.83,51,418.17,5,7,0,2007,327
34,Kansas St.,12,833,4825,5.79,56,402.08,5,7,0,2008,327
80,Kansas St.,12,802,4192,5.23,34,349.33,6,6,0,2009,327
62,Kansas St.,13,847,4924,5.81,59,378.77,7,6,0,2010,327
101,Kansas St.,13,896,4381,4.89,52,337,10,3,0,2011,327
59,Kansas St.,13,841,5218,6.2,64,401.38,11,2,0,2012,327
29,Kansas,13,906,5479,6.05,50,421.46,6,7,0,2003,328
100,Kansas,11,798,3459,4.33,32,314.45,4,7,0,2004,328
88,Kansas,12,821,3956,4.82,32,329.67,7,5,0,2005,328
33,Kansas,12,801,4489,5.6,44,374.08,6,6,0,2006,328
8,Kansas,13,988,6237,6.31,72,479.77,12,1,0,2007,328
21,Kansas,13,945,5621,5.95,57,432.38,8,5,0,2008,328
25,Kansas,12,885,5069,5.73,45,422.42,5,7,0,2009,328
113,Kansas,12,823,3557,4.32,26,296.42,3,9,0,2010,328
106,Kansas,12,844,3922,4.65,36,326.83,2,10,0,2011,328
93,Kansas,12,871,4324,4.96,27,360.33,1,11,0,2012,328
62,Kent St.,12,898,4509,5.02,40,375.75,5,7,0,2003,331
55,Kent St.,11,802,4168,5.2,46,378.91,5,6,0,2004,331
110,Kent St.,11,751,3117,4.15,22,283.36,1,10,0,2005,331
75,Kent St.,12,753,3859,5.12,30,321.58,6,6,0,2006,331
82,Kent St.,12,859,4400,5.12,30,366.67,3,9,0,2007,331
36,Kent St.,12,827,4803,5.81,41,400.25,4,8,0,2008,331
96,Kent St.,12,786,3932,5,27,327.67,5,7,0,2009,331
102,Kent St.,12,773,3772,4.88,32,314.33,5,7,0,2010,331
119,Kent St.,12,779,3042,3.91,24,253.5,5,7,0,2011,331
73,Kent St.,14,942,5436,5.77,58,388.29,11,3,0,2012,331
96,Kentucky,12,815,3927,4.82,44,327.25,4,8,0,2003,334
115,Kentucky,11,708,3030,4.28,21,275.45,2,9,0,2004,334
107,Kentucky,11,695,3272,4.71,29,297.45,3,8,0,2005,334
31,Kentucky,13,847,4879,5.76,45,375.31,8,5,0,2006,334
24,Kentucky,13,1013,5764,5.69,62,443.38,8,5,0,2007,334
106,Kentucky,13,859,3891,4.53,36,299.31,7,6,0,2008,334
93,Kentucky,13,877,4310,4.91,44,331.54,7,6,0,2009,334
27,Kentucky,13,910,5562,6.11,53,427.85,6,7,0,2010,334
118,Kentucky,12,764,3117,4.08,22,259.75,5,7,0,2011,334
113,Kentucky,12,790,3780,4.78,27,315,2,10,0,2012,334
31,LSU,14,994,5857,5.89,63,418.36,13,1,0,2003,365
38,LSU,12,825,4747,5.75,43,395.58,9,3,0,2004,365
60,LSU,13,869,4863,5.6,48,374.08,11,2,0,2005,365
11,LSU,13,818,5427,6.63,59,417.46,11,2,0,2006,365
26,LSU,14,1054,6152,5.84,66,439.43,12,2,0,2007,365
55,LSU,13,886,4785,5.4,50,368.08,8,5,0,2008,365
112,LSU,13,771,3959,5.13,39,304.54,9,4,0,2009,365
86,LSU,13,839,4437,5.29,43,341.31,11,2,0,2010,365
86,LSU,14,870,4971,5.71,65,355.07,13,1,0,2011,365
85,LSU,13,883,4865,5.51,46,374.23,10,3,0,2012,365
25,Louisiana Tech,12,842,5173,6.14,35,431.08,5,7,0,2003,366
53,Louisiana Tech,12,790,4560,5.77,40,380,6,6,0,2004,366
63,Louisiana Tech,11,784,4033,5.14,38,366.64,7,4,0,2005,366
60,Louisiana Tech,13,828,4479,5.41,31,344.54,3,10,0,2006,366
86,Louisiana Tech,12,910,4211,4.63,31,350.92,5,7,0,2007,366
75,Louisiana Tech,13,866,4460,5.15,40,343.08,8,5,0,2008,366
64,Louisiana Tech,12,819,4467,5.45,45,372.25,4,8,0,2009,366
49,Louisiana Tech,12,890,4678,5.26,40,389.83,5,7,0,2010,366
51,Louisiana Tech,13,987,5130,5.2,50,394.62,8,5,0,2011,366
1,Louisiana Tech,12,1054,6935,6.58,84,577.92,9,3,0,2012,366
5,Louisville,13,913,6355,6.96,58,488.85,9,4,0,2003,367
1,Louisville,12,893,6468,7.24,80,539,11,1,0,2004,367
9,Louisville,12,848,5785,6.82,69,482.08,9,3,0,2005,367
2,Louisville,13,867,6179,7.13,61,475.31,12,1,0,2006,367
6,Louisville,12,909,5856,6.44,55,488,6,6,0,2007,367
45,Louisville,12,845,4520,5.35,40,376.67,5,7,0,2008,367
91,Louisville,12,789,4009,5.08,26,334.08,4,8,0,2009,367
71,Louisville,13,835,4797,5.74,43,369,7,6,0,2010,367
103,Louisville,13,847,4329,5.11,36,333,7,6,0,2011,367
52,Louisville,13,918,5444,5.93,51,418.77,11,2,0,2012,367
18,Marshall,12,876,5291,6.04,47,440.92,8,4,0,2003,388
97,Marshall,12,828,3855,4.66,36,321.25,6,6,0,2004,388
89,Marshall,11,782,3619,4.63,27,329,4,7,0,2005,388
49,Marshall,12,701,4252,6.07,43,354.33,5,7,0,2006,388
44,Marshall,12,840,4954,5.9,37,412.83,3,9,0,2007,388
86,Marshall,12,774,3965,5.12,31,330.42,4,8,0,2008,388
81,Marshall,13,875,4538,5.19,34,349.08,7,6,0,2009,388
103,Marshall,12,766,3771,4.92,33,314.25,5,7,0,2010,388
102,Marshall,13,853,4334,5.08,35,333.38,7,6,0,2011,388
6,Marshall,12,1087,6411,5.9,65,534.25,5,7,0,2012,388
28,Maryland,13,913,5482,6,48,421.69,10,3,0,2003,392
108,Maryland,11,755,3278,4.34,21,298,5,6,0,2004,392
56,Maryland,11,783,4223,5.39,32,383.91,5,6,0,2005,392
88,Maryland,13,785,4073,5.19,32,313.31,9,4,0,2006,392
92,Maryland,13,878,4431,5.05,37,340.85,6,7,0,2007,392
68,Maryland,13,834,4559,5.47,34,350.69,8,5,0,2008,392
102,Maryland,12,802,3797,4.73,29,316.42,2,10,0,2009,392
80,Maryland,13,822,4587,5.58,54,352.85,9,4,0,2010,392
67,Maryland,12,855,4556,5.33,35,379.67,2,10,0,2011,392
120,Maryland,12,776,3417,4.4,30,284.75,4,8,0,2012,392
16,Memphis,13,1000,5779,5.78,48,444.54,9,4,0,2003,404
9,Memphis,12,903,5524,6.12,53,460.33,8,4,0,2004,404
42,Memphis,12,836,4775,5.71,37,397.92,7,5,0,2005,404
64,Memphis,12,766,4035,5.27,34,336.25,2,10,0,2006,404
23,Memphis,13,1017,5767,5.67,47,443.62,7,6,0,2007,404
26,Memphis,13,977,5424,5.55,45,417.23,6,7,0,2008,404
63,Memphis,12,841,4477,5.32,33,373.08,2,10,0,2009,404
117,Memphis,12,718,3420,4.76,19,285,1,11,0,2010,404
116,Memphis,12,786,3291,4.19,25,274.25,2,10,0,2011,404
110,Memphis,12,772,3820,4.95,39,318.33,4,8,0,2012,404
84,Miami (OH),12,886,4122,4.65,25,343.5,1,11,0,2009,414
81,Miami (OH),14,941,4928,5.24,36,352,10,4,0,2010,414
75,Miami (OH),12,834,4475,5.37,36,372.92,4,8,0,2011,414
75,Miami (OH),12,834,4623,5.54,34,385.25,4,8,0,2012,414
45,Miami (FL),13,879,5199,5.91,50,399.92,9,4,0,2009,415
31,Miami (FL),13,937,5477,5.85,44,421.31,7,6,0,2010,415
70,Miami (FL),12,737,4533,6.15,41,377.75,6,6,0,2011,415
37,Miami (FL),12,818,5282,6.46,45,440.17,7,5,0,2012,415
73,Michigan St.,13,896,4776,5.33,43,367.38,8,5,0,2003,416
10,Michigan St.,12,899,5520,6.14,41,460,5,7,0,2004,416
5,Michigan St.,11,834,5470,6.56,50,497.27,5,6,0,2005,416
48,Michigan St.,12,804,4281,5.32,37,356.75,4,8,0,2006,416
42,Michigan St.,13,973,5418,5.57,55,416.77,7,6,0,2007,416
74,Michigan St.,13,910,4465,4.91,37,343.46,9,4,0,2008,416
38,Michigan St.,13,842,5281,6.27,47,406.23,6,7,0,2009,416
53,Michigan St.,13,817,5051,6.18,49,388.54,11,2,0,2010,416
56,Michigan St.,14,940,5466,5.81,54,390.43,11,3,0,2011,416
95,Michigan St.,13,957,4671,4.88,27,359.31,7,6,0,2012,416
15,Michigan,13,1014,5807,5.73,61,446.69,10,3,0,2003,418
46,Michigan,12,896,4638,5.18,45,386.5,9,3,0,2004,418
55,Michigan,12,908,4611,5.08,41,384.25,7,5,0,2005,418
38,Michigan,13,866,4820,5.57,47,370.77,11,2,0,2006,418
68,Michigan,13,963,5006,5.2,45,385.08,9,4,0,2007,418
109,Michigan,12,791,3489,4.41,31,290.75,3,9,0,2008,418
59,Michigan,12,823,4614,5.61,46,384.5,5,7,0,2009,418
8,Michigan,13,941,6353,6.75,59,488.69,7,6,0,2010,418
42,Michigan,13,844,5261,6.23,56,404.69,11,2,0,2011,418
78,Michigan,13,820,4980,6.07,48,383.08,8,5,0,2012,418
27,Middle Tenn.,13,955,5482,5.74,52,421.69,10,3,0,2009,419
69,Middle Tenn.,13,909,4835,5.32,45,371.92,6,7,0,2010,419
45,Middle Tenn.,12,938,4813,5.13,35,401.08,2,10,0,2011,419
66,Middle Tenn.,12,812,4713,5.8,38,392.75,8,4,0,2012,419
4,Minnesota,13,970,6430,6.63,66,494.62,10,3,0,2003,428
15,Minnesota,12,841,5260,6.25,47,438.33,7,5,0,2004,428
7,Minnesota,12,933,5937,6.36,56,494.75,7,5,0,2005,428
30,Minnesota,13,840,4881,5.81,50,375.46,6,7,0,2006,428
48,Minnesota,12,887,4890,5.51,42,407.5,1,11,0,2007,428
91,Minnesota,13,851,4198,4.93,38,322.92,7,6,0,2008,428
109,Minnesota,13,815,3984,4.89,33,306.46,6,7,0,2009,428
77,Minnesota,12,825,4336,5.26,35,361.33,3,9,0,2010,428
110,Minnesota,12,744,3724,5.01,27,310.33,3,9,0,2011,428
108,Minnesota,13,847,4178,4.93,35,321.38,6,7,0,2012,428
99,Mississippi St.,12,766,3848,5.02,29,320.67,2,10,0,2003,430
107,Mississippi St.,11,692,3335,4.82,22,303.18,3,8,0,2004,430
113,Mississippi St.,11,687,3038,4.42,19,276.18,3,8,0,2005,430
103,Mississippi St.,12,754,3442,4.56,29,286.83,3,9,0,2006,430
113,Mississippi St.,13,880,3863,4.39,36,297.15,8,5,0,2007,430
113,Mississippi St.,12,782,3299,4.22,23,274.92,4,8,0,2008,430
65,Mississippi St.,12,821,4463,5.44,37,371.92,5,7,0,2009,430
42,Mississippi St.,13,907,5217,5.75,48,401.31,9,4,0,2010,430
84,Mississippi St.,13,862,4643,5.39,42,357.15,7,6,0,2011,430
79,Mississippi St.,13,848,4965,5.85,49,381.92,8,5,0,2012,430
22,Mississippi,13,940,5631,5.99,52,433.15,10,3,0,2003,433
77,Mississippi,11,789,3861,4.89,22,351,4,7,0,2004,433
111,Mississippi,11,703,3099,4.41,17,281.73,3,8,0,2005,433
111,Mississippi,12,702,3137,4.47,21,261.42,4,8,0,2006,433
91,Mississippi,12,770,4143,5.38,30,345.25,3,9,0,2007,433
29,Mississippi,13,860,5299,6.16,52,407.62,9,4,0,2008,433
44,Mississippi,13,880,5231,5.94,49,402.38,9,4,0,2009,433
43,Mississippi,12,826,4798,5.81,46,399.83,4,8,0,2010,433
36,Missouri,13,926,5245,5.66,53,403.46,8,5,0,2003,434
60,Missouri,11,834,4098,4.91,32,372.55,5,6,0,2004,434
24,Missouri,12,981,5157,5.26,47,429.75,7,5,0,2005,434
8,Missouri,13,922,5533,6,48,425.62,8,5,0,2006,434
5,Missouri,14,1112,6864,6.17,70,490.29,12,2,0,2007,434
8,Missouri,14,982,6778,6.9,76,484.14,10,4,0,2008,434
32,Missouri,13,911,5362,5.89,42,412.46,8,5,0,2009,434
35,Missouri,13,929,5325,5.73,48,409.62,10,3,0,2010,434
12,Missouri,13,972,6182,6.36,54,475.54,8,5,0,2011,434
96,Missouri,12,867,4277,4.93,39,356.42,5,7,0,2012,434
43,North Carolina,12,816,4732,5.8,40,394.33,2,10,0,2003,457
43,North Carolina,12,775,4688,6.05,40,390.67,6,6,0,2004,457
102,North Carolina,11,759,3473,4.58,23,315.73,5,6,0,2005,457
101,North Carolina,12,715,3516,4.92,27,293,3,9,0,2006,457
105,North Carolina,12,770,3904,5.07,29,325.33,4,8,0,2007,457
92,North Carolina,13,771,4178,5.42,45,321.38,8,5,0,2008,457
108,North Carolina,13,845,4001,4.73,35,307.77,8,5,0,2009,457
51,North Carolina,13,865,5066,5.86,39,389.69,8,5,0,2010,457
53,North Carolina,13,813,5112,6.29,49,393.23,7,6,0,2011,457
14,North Carolina,12,898,5827,6.49,62,485.58,8,4,0,2012,457
83,Nebraska,13,908,4485,4.94,40,345,10,3,0,2003,463
69,Nebraska,11,734,3995,5.44,37,363.18,5,6,0,2004,463
96,Nebraska,12,864,3844,4.45,34,320.33,8,4,0,2005,463
14,Nebraska,14,965,5804,6.01,59,414.57,9,5,0,2006,463
9,Nebraska,12,898,5619,6.26,53,468.25,5,7,0,2007,463
12,Nebraska,13,919,5860,6.38,58,450.77,9,4,0,2008,463
99,Nebraska,14,876,4519,5.16,40,322.79,10,4,0,2009,463
44,Nebraska,14,916,5574,6.09,54,398.14,10,4,0,2010,463
66,Nebraska,13,904,4939,5.46,46,379.92,9,4,0,2011,463
26,Nebraska,14,1040,6451,6.2,61,460.79,10,4,0,2012,463
106,UNLV,12,851,3711,4.36,28,309.25,6,6,0,2003,465
83,UNLV,11,766,3745,4.89,28,340.45,2,9,0,2004,465
91,UNLV,11,760,3577,4.71,25,325.18,2,9,0,2005,465
84,UNLV,12,786,3802,4.84,30,316.83,2,10,0,2006,465
84,UNLV,12,845,4238,5.02,24,353.17,2,10,0,2007,465
73,UNLV,12,789,4140,5.25,39,345,5,7,0,2008,465
78,UNLV,12,806,4215,5.23,39,351.25,5,7,0,2009,465
118,UNLV,13,805,3565,4.43,31,274.23,2,11,0,2010,465
117,UNLV,12,769,3286,4.27,26,273.83,2,10,0,2011,465
88,UNLV,13,920,4783,5.2,36,367.92,2,11,0,2012,465
52,Nevada,12,864,4641,5.37,36,386.75,6,6,0,2003,466
27,Nevada,12,936,5025,5.37,46,418.75,5,7,0,2004,466
14,Nevada,12,942,5392,5.72,54,449.33,9,3,0,2005,466
46,Nevada,13,853,4648,5.45,53,357.54,8,5,0,2006,466
11,Nevada,13,953,6077,6.38,56,467.46,6,7,0,2007,466
5,Nevada,13,1011,6611,6.54,64,508.54,7,6,0,2008,466
2,Nevada,13,900,6573,7.3,69,505.62,8,5,0,2009,466
4,Nevada,14,1044,7268,6.96,77,519.14,13,1,0,2010,466
6,Nevada,13,1037,6587,6.35,53,506.69,7,6,0,2011,466
8,Nevada,13,1080,6693,6.2,66,514.85,7,6,0,2012,466
33,New Mexico St.,12,876,4920,5.62,32,410,3,9,0,2003,472
58,New Mexico St.,11,746,4102,5.5,34,372.91,5,6,0,2004,472
82,New Mexico St.,12,894,4133,4.62,26,344.42,0,12,0,2005,472
3,New Mexico St.,12,930,5702,6.13,53,475.17,4,8,0,2006,472
35,New Mexico St.,13,993,5505,5.54,40,423.46,4,9,0,2007,472
64,New Mexico St.,12,810,4267,5.27,35,355.58,3,9,0,2008,472
120,New Mexico St.,13,772,2981,3.86,18,229.31,3,10,0,2009,472
112,New Mexico St.,12,825,3558,4.31,20,296.5,2,10,0,2010,472
47,New Mexico St.,13,897,5175,5.77,43,398.08,4,9,0,2011,472
102,New Mexico St.,12,791,4024,5.09,31,335.33,1,11,0,2012,472
39,New Mexico,13,923,5207,5.64,49,400.54,8,5,0,2003,473
108,New Mexico,12,785,3576,4.56,30,298,7,5,0,2004,473
43,New Mexico,11,838,4371,5.22,42,397.36,6,5,0,2005,473
83,New Mexico,13,823,4120,5.01,32,316.92,6,7,0,2006,473
76,New Mexico,13,940,4837,5.15,33,372.08,9,4,0,2007,473
81,New Mexico,12,829,4075,4.92,29,339.58,4,8,0,2008,473
103,New Mexico,12,831,3784,4.55,23,315.33,1,11,0,2009,473
120,New Mexico,12,805,3188,3.96,24,265.67,1,11,0,2010,473
113,New Mexico,12,760,3554,4.68,18,296.17,1,11,0,2011,473
87,New Mexico,13,842,4812,5.71,44,370.15,4,9,0,2012,473
13,North Carolina St.,13,888,5891,6.63,65,453.15,8,5,0,2003,490
78,North Carolina St.,11,778,3839,4.93,32,349,5,6,0,2004,490
103,North Carolina St.,12,775,3775,4.87,29,314.58,7,5,0,2005,490
97,North Carolina St.,12,753,3624,4.81,25,302,3,9,0,2006,490
98,North Carolina St.,12,857,4019,4.69,29,334.92,5,7,0,2007,490
88,North Carolina St.,13,834,4279,5.13,37,329.15,6,7,0,2008,490
46,North Carolina St.,12,840,4726,5.63,48,393.83,5,7,0,2009,490
39,North Carolina St.,13,1006,5258,5.23,50,404.46,9,4,0,2010,490
94,North Carolina St.,13,914,4483,4.9,48,344.85,8,5,0,2011,490
48,North Carolina St.,13,1040,5475,5.26,47,421.15,7,6,0,2012,490
95,North Texas,13,786,4257,5.42,46,327.46,9,4,0,2003,497
82,North Texas,12,741,4128,5.57,38,344,7,5,0,2004,497
114,North Texas,11,683,2991,4.38,19,271.91,2,9,0,2005,497
117,North Texas,12,690,2786,4.04,15,232.17,3,9,0,2006,497
47,North Texas,12,934,4901,5.25,40,408.42,2,10,0,2007,497
57,North Texas,12,884,4356,4.93,30,363,1,11,0,2008,497
36,North Texas,12,833,4904,5.89,42,408.67,2,10,0,2009,497
64,North Texas,12,805,4503,5.59,35,375.25,3,9,0,2010,497
96,North Texas,12,827,4101,4.96,39,341.75,5,7,0,2011,497
67,North Texas,12,853,4706,5.52,31,392.17,4,8,0,2012,497
100,La.-Monroe,12,849,3838,4.52,31,319.83,1,11,0,2003,498
75,La.-Monroe,11,777,3883,5,26,353,5,6,0,2004,498
77,La.-Monroe,11,808,3843,4.76,31,349.36,5,6,0,2005,498
55,La.-Monroe,12,758,4174,5.51,32,347.83,4,8,0,2006,498
65,La.-Monroe,12,891,4628,5.19,36,385.67,6,6,0,2007,498
82,La.-Monroe,12,771,4047,5.25,37,337.25,4,8,0,2008,498
48,La.-Monroe,12,817,4708,5.76,39,392.33,6,6,0,2009,498
85,La.-Monroe,12,874,4164,4.76,32,347,5,7,0,2010,498
55,La.-Monroe,12,939,4687,4.99,40,390.58,4,8,0,2011,498
42,La.-Monroe,13,989,5626,5.69,61,432.77,8,5,0,2012,498
60,Northern Ill.,12,858,4547,5.3,46,378.92,10,2,0,2003,503
14,Northern Ill.,12,855,5265,6.16,53,438.75,9,3,0,2004,503
16,Northern Ill.,12,815,5329,6.54,52,444.08,7,5,0,2005,503
43,Northern Ill.,13,829,4722,5.7,39,363.23,7,6,0,2006,503
94,Northern Ill.,12,806,4055,5.03,28,337.92,2,10,0,2007,503
83,Northern Ill.,13,813,4356,5.36,37,335.08,6,7,0,2008,503
83,Northern Ill.,13,805,4487,5.57,45,345.15,7,6,0,2009,503
19,Northern Ill.,14,910,6300,6.92,69,450,11,3,0,2010,503
11,Northern Ill.,14,1003,6664,6.64,68,476,11,3,0,2011,503
20,Northern Ill.,14,1023,6574,6.43,71,469.57,12,2,0,2012,503
63,Northwestern,13,928,4880,5.26,35,375.38,6,7,0,2003,509
29,Northwestern,12,908,4914,5.41,38,409.5,6,6,0,2004,509
4,Northwestern,12,974,6004,6.16,51,500.33,7,5,0,2005,509
92,Northwestern,12,754,3733,4.95,25,311.08,4,8,0,2006,509
32,Northwestern,12,927,5132,5.54,39,427.67,6,6,0,2007,509
61,Northwestern,13,949,4660,4.91,37,358.46,9,4,0,2008,509
40,Northwestern,13,1034,5253,5.08,40,404.08,8,5,0,2009,509
48,Northwestern,13,942,5084,5.4,43,391.08,7,6,0,2010,509
34,Northwestern,13,984,5471,5.56,51,420.85,6,7,0,2011,509
64,Northwestern,13,964,5130,5.32,50,394.62,10,3,0,2012,509
90,Notre Dame,12,883,4036,4.57,26,336.33,5,7,0,2003,513
81,Notre Dame,12,822,4146,5.04,37,345.5,6,6,0,2004,513
10,Notre Dame,12,945,5728,6.06,58,477.33,9,3,0,2005,513
23,Notre Dame,13,894,5067,5.67,55,389.77,10,3,0,2006,513
119,Notre Dame,12,826,2907,3.52,26,242.25,3,9,0,2007,513
65,Notre Dame,13,883,4616,5.23,40,355.08,7,6,0,2008,513
8,Notre Dame,12,848,5421,6.39,44,451.75,6,6,0,2009,513
61,Notre Dame,13,895,4936,5.52,41,379.69,8,5,0,2010,513
35,Notre Dame,13,906,5369,5.93,50,413,8,5,0,2011,513
54,Notre Dame,13,894,5358,5.99,38,412.15,12,1,0,2012,513
93,Ohio St.,13,860,4318,5.02,39,332.15,11,2,0,2003,518
98,Ohio St.,12,751,3850,5.13,31,320.83,8,4,0,2004,518
32,Ohio St.,12,808,5068,6.27,47,422.33,10,2,0,2005,518
26,Ohio St.,13,820,4999,6.1,61,384.54,12,1,0,2006,518
62,Ohio St.,13,883,5118,5.8,51,393.69,11,2,0,2007,518
76,Ohio St.,13,807,4455,5.52,42,342.69,10,3,0,2008,518
68,Ohio St.,13,879,4797,5.46,44,369,11,2,0,2009,518
20,Ohio St.,13,896,5832,6.51,63,448.62,12,1,0,2010,518
107,Ohio St.,13,808,4136,5.12,39,318.15,6,7,0,2011,518
47,Ohio St.,12,837,5085,6.08,60,423.75,12,0,0,2012,518
89,Ohio,12,847,4052,4.78,35,337.67,2,10,0,2003,519
105,Ohio,11,754,3392,4.5,29,308.36,4,7,0,2004,519
108,Ohio,11,691,3218,4.66,26,292.55,4,7,0,2005,519
106,Ohio,14,856,3873,4.52,34,276.64,9,5,0,2006,519
83,Ohio,12,817,4374,5.35,43,364.5,6,6,0,2007,519
58,Ohio,12,778,4337,5.57,36,361.42,4,8,0,2008,519
106,Ohio,14,857,4342,5.07,41,310.14,9,5,0,2009,519
95,Ohio,13,768,4239,5.52,47,326.08,8,5,0,2010,519
23,Ohio,14,1024,6290,6.14,50,449.29,10,4,0,2011,519
33,Ohio,13,998,5782,5.79,49,444.77,9,4,0,2012,519
32,Oklahoma St.,13,872,5392,6.18,60,414.77,9,4,0,2003,521
52,Oklahoma St.,12,795,4566,5.74,51,380.5,7,5,0,2004,521
92,Oklahoma St.,11,754,3573,4.74,27,324.82,4,7,0,2005,521
16,Oklahoma St.,13,843,5327,6.32,61,409.77,7,6,0,2006,521
7,Oklahoma St.,13,978,6322,6.46,60,486.31,7,6,0,2007,521
6,Oklahoma St.,13,908,6340,6.98,69,487.69,9,4,0,2008,521
70,Oklahoma St.,13,891,4774,5.36,47,367.23,9,4,0,2009,521
3,Oklahoma St.,13,982,6763,6.89,71,520.23,11,2,0,2010,521
3,Oklahoma St.,13,987,7096,7.19,81,545.85,12,1,0,2011,521
4,Oklahoma St.,13,1014,7111,7.01,73,547,8,5,0,2012,521
19,Oklahoma,14,1018,6152,6.04,78,439.43,12,2,0,2003,522
8,Oklahoma,13,971,6007,6.19,61,462.08,12,1,0,2004,522
71,Oklahoma,12,862,4261,4.94,40,355.08,8,4,0,2005,522
40,Oklahoma,14,897,5162,5.75,52,368.71,11,3,0,2006,522
19,Oklahoma,14,975,6285,6.45,80,448.93,11,3,0,2007,522
3,Oklahoma,14,1106,7670,6.93,99,547.86,12,2,0,2008,522
23,Oklahoma,13,1004,5510,5.49,50,423.85,8,5,0,2009,522
10,Oklahoma,14,1211,6739,5.56,64,481.36,12,2,0,2010,522
5,Oklahoma,13,1052,6660,6.33,63,512.31,10,3,0,2011,522
12,Oklahoma,13,1005,6472,6.44,64,497.85,10,3,0,2012,522
10,Oregon St.,13,1060,6019,5.68,53,463,8,5,0,2003,528
54,Oregon St.,12,910,4554,5,39,379.5,7,5,0,2004,528
34,Oregon St.,11,874,4609,5.27,32,419,5,6,0,2005,528
45,Oregon St.,14,899,5048,5.62,46,360.57,10,4,0,2006,528
78,Oregon St.,13,979,4831,4.93,43,371.62,9,4,0,2007,528
30,Oregon St.,13,935,5292,5.66,50,407.08,9,4,0,2008,528
34,Oregon St.,13,918,5338,5.81,49,410.62,8,5,0,2009,528
94,Oregon St.,12,759,3918,5.16,39,326.5,5,7,0,2010,528
73,Oregon St.,12,821,4484,5.46,31,373.67,3,9,0,2011,528
43,Oregon St.,13,946,5609,5.93,54,431.46,9,4,0,2012,528
57,Oregon,13,916,5003,5.46,45,384.85,8,5,0,2003,529
37,Oregon,11,817,4367,5.35,37,397,5,6,0,2004,529
18,Oregon,11,909,5266,5.79,49,438.83,10,1,0,2005,529
9,Oregon,13,958,5497,5.74,48,422.85,7,6,0,2006,529
10,Oregon,13,1028,6078,5.91,62,467.54,9,4,0,2007,529
7,Oregon,13,958,6303,6.58,71,484.85,10,3,0,2008,529
33,Oregon,13,885,5356,6.05,60,412,10,3,0,2009,529
1,Oregon,13,1024,6899,6.74,81,530.69,12,1,0,2010,529
4,Oregon,14,1015,7319,7.21,88,522.79,12,2,0,2011,529
5,Oregon,13,1058,6986,6.6,89,537.38,12,1,0,2012,529
103,Penn St.,12,793,3760,4.74,29,313.33,3,9,0,2003,539
104,Penn St.,11,720,3418,4.75,24,310.73,4,7,0,2004,539
33,Penn St.,12,834,5058,6.06,52,421.5,11,1,0,2005,539
53,Penn St.,13,881,4549,5.16,32,349.92,9,4,0,2006,539
55,Penn St.,13,943,5201,5.52,48,400.08,9,4,0,2007,539
14,Penn St.,13,894,5836,6.53,63,448.92,11,2,0,2008,539
37,Penn St.,13,864,5290,6.12,47,406.92,11,2,0,2009,539
68,Penn St.,13,873,4839,5.54,37,372.23,7,6,0,2010,539
95,Penn St.,13,891,4451,5,29,342.38,9,4,0,2011,539
53,Penn St.,12,931,5010,5.38,44,417.5,8,4,0,2012,539
34,Pittsburgh,13,910,5274,5.8,51,405.69,8,5,0,2003,545
72,Pittsburgh,12,862,4294,4.98,39,357.83,8,4,0,2004,545
85,Pittsburgh,11,749,3694,4.93,31,335.82,5,6,0,2005,545
37,Pittsburgh,12,712,4467,6.27,49,372.25,6,6,0,2006,545
108,Pittsburgh,12,811,3834,4.73,31,319.5,5,7,0,2007,545
77,Pittsburgh,13,873,4452,5.1,42,342.46,9,4,0,2008,545
52,Pittsburgh,13,817,5091,6.23,50,391.62,10,3,0,2009,545
72,Pittsburgh,13,830,4770,5.75,41,366.92,8,5,0,2010,545
88,Pittsburgh,13,944,4551,4.82,36,350.08,6,7,0,2011,545
71,Pittsburgh,13,884,5071,5.74,41,390.08,6,7,0,2012,545
65,Purdue,13,971,4848,4.99,39,372.92,9,4,0,2003,559
13,Purdue,12,910,5358,5.89,50,446.5,7,5,0,2004,559
25,Purdue,11,844,4713,5.58,44,428.45,5,6,0,2005,559
13,Purdue,14,941,5820,6.18,48,415.71,8,6,0,2006,559
27,Purdue,13,1007,5667,5.63,56,435.92,8,5,0,2007,559
48,Purdue,12,894,4493,5.03,37,374.42,4,8,0,2008,559
53,Purdue,12,837,4696,5.61,42,391.33,5,7,0,2009,559
104,Purdue,12,796,3739,4.7,27,311.58,4,8,0,2010,559
71,Purdue,13,926,4899,5.29,42,376.85,7,6,0,2011,559
58,Purdue,13,957,5235,5.47,50,402.69,6,7,0,2012,559
40,Rice,12,815,4764,5.85,46,397,5,7,0,2003,574
50,Rice,11,824,4200,5.1,36,381.82,3,8,0,2004,574
84,Rice,11,810,3712,4.58,32,337.45,1,10,0,2005,574
58,Rice,13,873,4486,5.14,45,345.08,7,6,0,2006,574
51,Rice,12,909,4848,5.33,51,404,3,9,0,2007,574
10,Rice,13,965,6122,6.34,74,470.92,10,3,0,2008,574
111,Rice,12,859,3655,4.25,28,304.58,2,10,0,2009,574
63,Rice,12,854,4504,5.27,45,375.33,4,8,0,2010,574
91,Rice,12,851,4172,4.9,33,347.67,4,8,0,2011,574
44,Rice,13,1026,5556,5.42,50,427.38,7,6,0,2012,574
71,Rutgers,12,904,4436,4.91,42,369.67,5,7,0,2003,587
40,Rutgers,11,840,4334,5.16,32,394,4,7,0,2004,587
44,Rutgers,12,811,4765,5.88,40,397.08,7,5,0,2005,587
58,Rutgers,13,794,4486,5.65,46,345.08,11,2,0,2006,587
18,Rutgers,13,916,5841,6.38,51,449.31,8,5,0,2007,587
39,Rutgers,13,838,5179,6.18,49,398.38,8,5,0,2008,587
97,Rutgers,13,811,4242,5.23,45,326.31,9,4,0,2009,587
114,Rutgers,12,769,3539,4.6,30,294.92,4,8,0,2010,587
99,Rutgers,13,936,4407,4.71,41,339,9,4,0,2011,587
104,Rutgers,13,823,4289,5.21,36,329.92,9,4,0,2012,587
88,San Diego St.,12,855,4079,4.77,25,339.92,6,6,0,2003,626
56,San Diego St.,11,821,4123,5.02,28,374.82,4,7,0,2004,626
58,San Diego St.,12,859,4549,5.3,40,379.08,5,7,0,2005,626
108,San Diego St.,12,716,3234,4.52,21,269.5,3,9,0,2006,626
73,San Diego St.,12,817,4519,5.53,38,376.58,4,8,0,2007,626
99,San Diego St.,12,773,3749,4.85,30,312.42,2,10,0,2008,626
86,San Diego St.,12,776,4103,5.29,35,341.92,4,8,0,2009,626
16,San Diego St.,13,865,5937,6.86,58,456.69,9,4,0,2010,626
32,San Diego St.,13,935,5556,5.94,53,427.38,8,5,0,2011,626
61,San Diego St.,13,887,5156,5.81,57,396.62,9,4,0,2012,626
53,San Jose St.,11,818,4253,5.2,33,386.64,3,8,0,2003,630
87,San Jose St.,11,704,3715,5.28,41,337.73,2,9,0,2004,630
81,San Jose St.,11,749,3800,5.07,31,345.45,3,8,0,2005,630
47,San Jose St.,13,783,4644,5.93,43,357.23,9,4,0,2006,630
88,San Jose St.,12,835,4177,5,31,348.08,5,7,0,2007,630
112,San Jose St.,12,769,3394,4.41,27,282.83,6,6,0,2008,630
115,San Jose St.,12,754,3408,4.52,21,284,2,10,0,2009,630
101,San Jose St.,13,788,4096,5.2,24,315.08,1,12,0,2010,630
69,San Jose St.,12,842,4544,5.4,33,378.67,5,7,0,2011,630
30,San Jose St.,13,914,5800,6.35,57,446.15,11,2,0,2012,630
75,South Carolina,12,819,4261,5.2,35,355.08,5,7,0,2003,648
63,South Carolina,11,744,4058,5.45,30,368.91,6,5,0,2004,648
100,South Carolina,12,720,3791,5.27,37,315.92,7,5,0,2005,648
20,South Carolina,13,803,5135,6.39,43,395,8,5,0,2006,648
77,South Carolina,12,825,4462,5.41,39,371.83,6,6,0,2007,648
97,South Carolina,13,869,4115,4.74,30,316.54,7,6,0,2008,648
82,South Carolina,13,875,4516,5.16,31,347.38,7,6,0,2009,648
47,South Carolina,14,911,5499,6.04,55,392.79,9,5,0,2010,648
74,South Carolina,13,870,4856,5.58,53,373.54,11,2,0,2011,648
82,South Carolina,13,856,4895,5.72,54,376.54,11,2,0,2012,648
107,South Fla.,11,770,3390,4.4,34,308.18,7,4,0,2003,651
74,South Fla.,11,751,3886,5.17,35,353.27,4,7,0,2004,651
79,South Fla.,12,882,4171,4.73,35,347.58,6,6,0,2005,651
44,South Fla.,13,841,4701,5.59,40,361.62,9,4,0,2006,651
43,South Fla.,13,991,5383,5.43,56,414.08,9,4,0,2007,651
32,South Fla.,13,925,5265,5.69,44,405,8,5,0,2008,651
71,South Fla.,13,805,4753,5.9,44,365.62,8,5,0,2009,651
105,South Fla.,13,810,4022,4.97,37,309.38,8,5,0,2010,651
30,South Fla.,12,910,5193,5.71,42,432.75,5,7,0,2011,651
89,South Fla.,12,836,4410,5.28,28,367.5,3,9,0,2012,651
14,Southern California,13,897,5818,6.49,68,447.54,12,1,0,2003,657
12,Southern California,13,923,5838,6.33,64,449.08,13,0,0,2004,657
1,Southern California,13,1006,7537,7.49,87,579.77,12,1,0,2005,657
21,Southern California,13,863,5094,5.9,50,391.85,11,2,0,2006,657
29,Southern California,13,977,5654,5.79,54,434.92,11,2,0,2007,657
11,Southern California,13,891,5911,6.63,66,454.69,12,1,0,2008,657
55,Southern California,13,817,5058,6.19,44,389.08,9,4,0,2009,657
26,Southern California,13,930,5609,6.03,53,431.46,8,5,0,2010,657
21,Southern California,12,839,5481,6.53,55,456.75,10,2,0,2011,657
41,Southern California,13,853,5628,6.6,56,432.92,7,6,0,2012,657
98,SMU,12,693,3772,5.44,32,314.33,1,11,0,2008,663
51,SMU,13,850,5093,5.99,50,391.77,8,5,0,2009,663
33,SMU,14,920,5804,6.31,48,414.57,7,7,0,2010,663
58,SMU,13,831,5052,6.08,45,388.62,8,5,0,2011,663
90,SMU,13,916,4775,5.21,49,367.31,7,6,0,2012,663
97,Southern Miss.,13,887,4224,4.76,36,324.92,9,4,0,2003,664
95,Southern Miss.,12,821,3915,4.77,38,326.25,7,5,0,2004,664
70,Southern Miss.,12,818,4288,5.24,41,357.33,7,5,0,2005,664
68,Southern Miss.,14,888,4635,5.22,44,331.07,9,5,0,2006,664
63,Southern Miss.,13,946,5066,5.36,45,389.69,7,6,0,2007,664
20,Southern Miss.,13,988,5636,5.7,52,433.54,7,6,0,2008,664
31,Southern Miss.,13,903,5413,5.99,57,416.38,7,6,0,2009,664
18,Southern Miss.,13,1030,5894,5.72,57,453.38,8,5,0,2010,664
17,Southern Miss.,14,1042,6459,6.2,63,461.36,12,2,0,2011,664
106,Southern Miss.,12,792,3874,4.89,29,322.83,0,12,0,2012,664
91,La.-Lafayette,12,859,4026,4.69,33,335.5,4,8,0,2003,671
49,La.-Lafayette,11,818,4206,5.14,29,382.36,4,7,0,2004,671
52,La.-Lafayette,11,768,4253,5.54,38,386.64,6,5,0,2005,671
82,La.-Lafayette,12,754,3811,5.05,31,317.58,6,6,0,2006,671
49,La.-Lafayette,12,853,4885,5.73,37,407.08,3,9,0,2007,671
13,La.-Lafayette,12,821,5390,6.57,54,449.17,6,6,0,2008,671
76,La.-Lafayette,12,866,4341,5.01,35,361.75,6,6,0,2009,671
83,La.-Lafayette,12,850,4207,4.95,35,350.58,3,9,0,2010,671
51,La.-Lafayette,13,893,5130,5.74,53,394.62,9,4,0,2011,671
29,La.-Lafayette,13,873,5919,6.78,58,455.31,9,4,0,2012,671
113,Stanford,11,811,3113,3.84,24,283,4,7,0,2003,674
92,Stanford,11,762,3613,4.74,28,328.45,4,7,0,2004,674
99,Stanford,11,724,3478,4.8,32,316.18,5,6,0,2005,674
118,Stanford,12,683,2783,4.07,15,231.92,1,11,0,2006,674
107,Stanford,12,870,3870,4.45,27,322.5,4,8,0,2007,674
67,Stanford,12,777,4221,5.43,39,351.75,5,7,0,2008,674
19,Stanford,13,849,5559,6.55,59,427.62,8,5,0,2009,674
14,Stanford,13,914,6142,6.72,68,472.46,12,1,0,2010,674
8,Stanford,13,935,6361,6.8,73,489.31,11,2,0,2011,674
84,Stanford,14,948,5242,5.53,49,374.43,12,2,0,2012,674
70,Syracuse,12,820,4437,5.41,41,369.75,6,6,0,2003,688
78,Syracuse,12,796,4188,5.26,35,349,6,6,0,2004,688
115,Syracuse,11,700,2831,4.04,18,257.36,1,10,0,2005,688
110,Syracuse,12,731,3168,4.33,23,264,4,8,0,2006,688
114,Syracuse,12,758,3503,4.62,24,291.92,2,10,0,2007,688
114,Syracuse,12,691,3242,4.69,25,270.17,3,9,0,2008,688
94,Syracuse,12,775,3965,5.12,31,330.42,4,8,0,2009,688
97,Syracuse,13,812,4197,5.17,34,322.85,8,5,0,2010,688
90,Syracuse,12,814,4178,5.13,35,348.17,5,7,0,2011,688
17,Syracuse,13,1028,6188,6.02,49,476,8,5,0,2012,688
84,Temple,12,859,4136,4.81,30,344.67,1,11,0,2003,690
41,Temple,11,805,4331,5.38,30,393.73,2,9,0,2004,690
117,Temple,11,712,2722,3.82,13,247.45,0,11,0,2005,690
119,Temple,12,653,2588,3.96,18,215.67,1,11,0,2006,690
112,Temple,12,788,3610,4.58,23,300.83,4,8,0,2007,690
107,Temple,12,752,3577,4.76,37,298.08,5,7,0,2008,690
92,Temple,13,831,4335,5.22,48,333.46,9,4,0,2009,690
89,Temple,12,727,4009,5.51,38,334.08,8,4,0,2010,690
63,Temple,13,834,4983,5.97,50,383.31,9,4,0,2011,690
107,Temple,11,689,3542,5.14,33,322,4,7,0,2012,690
67,Tennessee,13,885,4834,5.46,45,371.85,10,3,0,2003,694
35,Tennessee,13,896,5193,5.8,50,399.46,10,3,0,2004,694
90,Tennessee,11,755,3589,4.75,23,326.27,5,6,0,2005,694
36,Tennessee,13,797,4842,6.08,44,372.46,9,4,0,2006,694
54,Tennessee,14,993,5621,5.66,56,401.5,10,4,0,2007,694
115,Tennessee,12,718,3225,4.49,26,268.75,5,7,0,2008,694
60,Tennessee,13,878,4985,5.68,49,383.46,7,6,0,2009,694
75,Tennessee,13,827,4729,5.72,44,363.77,6,7,0,2010,694
104,Tennessee,12,792,3992,5.04,31,332.67,5,7,0,2011,694
18,Tennessee,12,890,5711,6.42,56,475.92,5,7,0,2012,694
48,Texas A&M,12,809,4678,5.78,37,389.83,4,8,0,2003,697
20,Texas A&M,12,812,5141,6.33,44,428.42,7,5,0,2004,697
17,Texas A&M,11,773,4865,6.29,44,442.27,5,6,0,2005,697
18,Texas A&M,13,870,5166,5.94,46,397.38,9,4,0,2006,697
58,Texas A&M,13,952,5161,5.42,45,397,7,6,0,2007,697
78,Texas A&M,12,777,4091,5.27,40,340.92,4,8,0,2008,697
5,Texas A&M,13,1053,6055,5.75,56,465.77,6,7,0,2009,697
23,Texas A&M,13,1034,5744,5.56,51,441.85,9,4,0,2010,697
7,Texas A&M,13,1044,6373,6.1,60,490.23,7,6,0,2011,697
3,Texas A&M,13,1025,7261,7.08,78,558.54,11,2,0,2012,697
26,TCU,13,1008,5581,5.54,42,429.31,11,2,0,2003,698
18,TCU,11,841,4738,5.63,48,430.73,5,6,0,2004,698
41,TCU,12,915,4799,5.24,50,399.92,11,1,0,2005,698
17,TCU,13,909,5310,5.84,46,408.46,11,2,0,2006,698
64,TCU,13,1017,5026,4.94,39,386.62,8,5,0,2007,698
24,TCU,13,1013,5477,5.41,56,421.31,11,2,0,2008,698
7,TCU,13,921,5937,6.45,65,456.69,12,1,0,2009,698
12,TCU,13,931,6199,6.66,73,476.85,13,0,0,2010,698
28,TCU,13,882,5723,6.49,70,440.23,11,2,0,2011,698
72,TCU,13,914,5052,5.53,43,388.62,7,6,0,2012,698
1,Texas Tech,13,1088,7576,6.96,76,582.77,8,5,0,2003,700
6,Texas Tech,12,944,5900,6.25,59,491.67,8,4,0,2004,700
6,Texas Tech,12,896,5950,6.64,62,495.83,9,3,0,2005,700
6,Texas Tech,13,875,5822,6.65,54,447.85,8,5,0,2006,700
2,Texas Tech,13,1009,6885,6.82,70,529.62,9,4,0,2007,700
4,Texas Tech,13,979,6903,7.05,79,531,11,2,0,2008,700
4,Texas Tech,13,988,6120,6.19,64,470.77,9,4,0,2009,700
15,Texas Tech,13,1054,5983,5.68,57,460.23,8,5,0,2010,700
13,Texas Tech,12,991,5647,5.7,52,470.58,5,7,0,2011,700
13,Texas Tech,13,993,6446,6.49,62,495.85,8,5,0,2012,700
20,Texas,13,917,5709,6.23,72,439.15,10,3,0,2003,703
7,Texas,12,890,5573,6.26,55,464.42,11,1,0,2004,703
3,Texas,13,941,6657,7.07,88,512.08,13,0,0,2005,703
22,Texas,13,854,5089,5.96,63,391.46,10,3,0,2006,703
13,Texas,13,975,6018,6.17,62,462.92,10,3,0,2007,703
9,Texas,13,955,6185,6.48,74,475.77,12,1,0,2008,703
29,Texas,14,1053,5897,5.6,68,421.21,13,1,0,2009,703
58,Texas,12,878,4590,5.23,31,382.5,5,7,0,2010,703
54,Texas,13,946,5103,5.39,44,392.54,8,5,0,2011,703
40,Texas,13,891,5650,6.34,62,434.62,9,4,0,2012,703
74,UTEP,13,951,4771,5.02,38,367,2,11,0,2003,704
42,UTEP,12,847,4723,5.58,55,393.58,8,4,0,2004,704
31,UTEP,12,853,5073,5.95,47,422.75,8,4,0,2005,704
39,UTEP,12,735,4445,6.05,41,370.42,5,7,0,2006,704
36,UTEP,12,856,5074,5.93,51,422.83,4,8,0,2007,704
31,UTEP,12,819,4878,5.96,48,406.5,5,7,0,2008,704
18,UTEP,12,823,5144,6.25,46,428.67,4,8,0,2009,704
78,UTEP,13,844,4685,5.55,43,360.38,6,7,0,2010,704
64,UTEP,12,809,4566,5.64,40,380.5,5,7,0,2011,704
86,UTEP,12,831,4470,5.38,32,372.5,3,9,0,2012,704
11,Toledo,12,875,5553,6.35,55,462.75,8,4,0,2003,709
11,Toledo,13,976,5970,6.12,58,459.23,9,4,0,2004,709
15,Toledo,12,868,5365,6.18,56,447.08,9,3,0,2005,709
72,Toledo,12,856,3923,4.58,37,326.92,5,7,0,2006,709
20,Toledo,12,916,5381,5.87,52,448.42,5,7,0,2007,709
85,Toledo,12,756,4009,5.3,32,334.08,3,9,0,2008,709
13,Toledo,12,854,5259,6.16,46,438.25,5,7,0,2009,709
74,Toledo,13,860,4750,5.52,49,365.38,8,5,0,2010,709
9,Toledo,13,980,6257,6.38,72,481.31,9,4,0,2011,709
32,Toledo,13,962,5788,6.02,49,445.23,9,4,0,2012,709
113,Troy,12,742,3410,4.6,36,284.17,7,5,0,2004,716
109,Troy,11,728,3136,4.31,20,285.09,4,7,0,2005,716
77,Troy,13,844,4159,4.93,38,319.92,8,5,0,2006,716
16,Troy,12,979,5434,5.55,52,452.83,8,4,0,2007,716
27,Troy,13,972,5385,5.54,53,414.23,8,5,0,2008,716
3,Troy,13,973,6314,6.49,55,485.69,9,4,0,2009,716
17,Troy,13,997,5895,5.91,56,453.46,8,5,0,2010,716
65,Troy,12,867,4560,5.26,36,380,3,9,0,2011,716
11,Troy,12,966,5985,6.2,45,498.75,5,7,0,2012,716
47,Tulane,12,830,4682,5.64,47,390.17,5,7,0,2003,718
70,Tulane,11,714,3967,5.56,42,360.64,5,6,0,2004,718
95,Tulane,11,764,3530,4.62,32,320.91,2,9,0,2005,718
62,Tulane,12,793,4064,5.12,29,338.67,4,8,0,2006,718
59,Tulane,12,849,4751,5.6,36,395.92,4,8,0,2007,718
80,Tulane,12,808,4076,5.04,25,339.67,2,10,0,2008,718
105,Tulane,12,768,3750,4.88,24,312.5,3,9,0,2009,718
66,Tulane,12,899,4479,4.98,37,373.25,4,8,0,2010,718
97,Tulane,13,890,4424,4.97,34,340.31,2,11,0,2011,718
109,Tulane,12,816,3834,4.7,28,319.5,2,10,0,2012,718
51,Tulsa,13,882,5041,5.72,54,387.77,8,5,0,2003,719
73,Tulsa,12,851,4263,5.01,44,355.25,4,8,0,2004,719
39,Tulsa,13,897,5229,5.83,54,402.23,9,4,0,2005,719
24,Tulsa,13,849,5051,5.95,47,388.54,8,5,0,2006,719
1,Tulsa,14,1126,7615,6.76,79,543.93,10,4,0,2007,719
1,Tulsa,14,1097,7978,7.27,90,569.86,11,3,0,2008,719
35,Tulsa,12,869,4921,5.66,45,410.08,5,7,0,2009,719
5,Tulsa,13,1006,6573,6.53,70,505.62,10,3,0,2010,719
27,Tulsa,13,942,5725,6.08,55,440.38,8,5,0,2011,719
28,Tulsa,14,1160,6400,5.52,65,457.14,11,3,0,2012,719
56,Air Force,12,899,4626,5.15,41,385.5,7,5,0,2003,721
23,Air Force,11,837,4680,5.59,44,425.45,5,6,0,2004,721
36,Air Force,11,793,4590,5.79,43,417.27,4,7,0,2005,721
69,Air Force,12,806,3968,4.92,36,330.67,4,8,0,2006,721
39,Air Force,13,935,5452,5.83,48,419.38,9,4,0,2007,721
69,Air Force,13,915,4538,4.96,39,349.08,8,5,0,2008,721
66,Air Force,13,968,4834,4.99,46,371.85,8,5,0,2009,721
28,Air Force,13,916,5536,6.04,55,425.85,9,4,0,2010,721
22,Air Force,13,927,5913,6.38,59,454.85,7,6,0,2011,721
51,Air Force,13,955,5445,5.7,49,418.85,6,7,0,2012,721
115,Army,13,930,3520,3.78,27,270.77,0,13,0,2003,725
51,Army,11,734,4198,5.72,36,381.64,2,9,0,2004,725
101,Army,11,784,3475,4.43,27,315.91,4,7,0,2005,725
112,Army,12,710,3132,4.41,28,261,3,9,0,2006,725
116,Army,12,780,3306,4.24,25,275.5,3,9,0,2007,725
110,Army,12,763,3452,4.52,22,287.67,3,9,0,2008,725
117,Army,12,754,3304,4.38,19,275.33,5,7,0,2009,725
93,Army,13,866,4286,4.95,43,329.69,7,6,0,2010,725
49,Army,12,837,4763,5.69,42,396.92,3,9,0,2011,725
39,Army,12,921,5235,5.68,36,436.25,2,10,0,2012,725
27,Navy,13,918,5506,6,52,423.54,8,5,0,2003,726
45,Navy,12,811,4666,5.75,46,388.83,10,2,0,2004,726
20,Navy,12,818,5222,6.38,55,435.17,8,4,0,2005,726
28,Navy,13,876,4979,5.68,48,383,9,4,0,2006,726
22,Navy,13,940,5773,6.14,65,444.08,8,5,0,2007,726
66,Navy,13,808,4593,5.68,43,353.31,8,5,0,2008,726
77,Navy,14,930,4985,5.36,51,356.07,10,4,0,2009,726
38,Navy,13,849,5262,6.2,51,404.77,9,4,0,2010,726
48,Navy,12,829,4776,5.76,47,398,5,7,0,2011,726
77,Navy,13,872,4982,5.71,42,383.23,8,5,0,2012,726
80,Utah St.,12,820,4204,5.13,36,350.33,3,9,0,2003,731
111,Utah St.,11,726,3194,4.4,23,290.36,3,8,0,2004,731
98,Utah St.,11,744,3487,4.69,27,317,3,8,0,2005,731
114,Utah St.,12,728,3053,4.19,18,254.42,1,11,0,2006,731
115,Utah St.,12,743,3335,4.49,30,277.92,2,10,0,2007,731
84,Utah St.,12,779,4011,5.15,36,334.25,3,9,0,2008,731
12,Utah St.,12,872,5272,6.05,44,439.33,4,8,0,2009,731
84,Utah St.,12,852,4168,4.89,33,347.33,4,8,0,2010,731
20,Utah St.,13,913,5945,6.51,60,457.31,7,6,0,2011,731
21,Utah St.,13,893,6098,6.83,59,469.08,11,2,0,2012,731
64,Utah,12,867,4494,5.18,45,374.5,10,2,0,2003,732
3,Utah,12,869,5997,6.9,75,499.75,12,0,0,2004,732
12,Utah,12,909,5676,6.24,45,473,7,5,0,2005,732
41,Utah,13,862,4789,5.56,45,368.38,8,5,0,2006,732
79,Utah,13,942,4805,5.1,41,369.62,9,4,0,2007,732
35,Utah,13,913,5212,5.71,59,400.92,13,0,0,2008,732
54,Utah,13,890,5064,5.69,46,389.54,10,3,0,2009,732
52,Utah,13,826,5057,6.12,56,389,10,3,0,2010,732
109,Utah,13,806,4041,5.01,39,310.85,8,5,0,2011,732
105,Utah,12,797,3893,4.88,42,324.42,5,7,0,2012,732
78,Vanderbilt,12,824,4225,5.13,31,352.08,2,10,0,2003,736
89,Vanderbilt,11,724,3683,5.09,28,334.82,2,9,0,2004,736
46,Vanderbilt,11,828,4352,5.26,38,395.64,5,6,0,2005,736
52,Vanderbilt,12,722,4212,5.83,35,351,4,8,0,2006,736
103,Vanderbilt,12,836,3919,4.69,32,326.58,5,7,0,2007,736
117,Vanderbilt,13,790,3331,4.22,30,256.23,7,6,0,2008,736
110,Vanderbilt,12,803,3676,4.58,21,306.33,2,10,0,2009,736
110,Vanderbilt,12,781,3579,4.58,26,298.25,2,10,0,2010,736
98,Vanderbilt,13,843,4408,5.23,46,339.08,6,7,0,2011,736
80,Vanderbilt,13,874,4936,5.65,47,379.69,9,4,0,2012,736
38,Virginia Tech,13,820,5223,6.37,61,401.77,8,5,0,2003,742
65,Virginia Tech,13,871,4752,5.46,48,365.54,10,3,0,2004,742
57,Virginia Tech,13,900,4952,5.5,55,380.92,11,2,0,2005,742
99,Virginia Tech,13,777,3837,4.94,40,295.15,10,3,0,2006,742
100,Virginia Tech,14,939,4627,4.93,48,330.5,11,3,0,2007,742
103,Virginia Tech,14,936,4248,4.54,34,303.43,10,4,0,2008,742
50,Virginia Tech,13,822,5097,6.2,51,392.08,10,3,0,2009,742
41,Virginia Tech,14,913,5632,6.17,59,402.29,11,3,0,2010,742
35,Virginia Tech,14,995,5782,5.81,48,413,11,3,0,2011,742
81,Virginia Tech,13,944,4898,5.19,38,376.77,7,6,0,2012,742
55,Virginia,13,905,5017,5.54,42,385.92,8,5,0,2003,746
24,Virginia,12,834,5081,6.09,45,423.42,8,4,0,2004,746
64,Virginia,12,813,4395,5.41,36,366.25,7,5,0,2005,746
113,Virginia,12,709,3086,4.35,21,257.17,5,7,0,2006,746
101,Virginia,13,918,4295,4.68,38,330.38,9,4,0,2007,746
105,Virginia,12,778,3597,4.62,24,299.75,5,7,0,2008,746
118,Virginia,12,773,3235,4.18,26,269.58,3,9,0,2009,746
37,Virginia,12,862,4858,5.64,39,404.83,4,8,0,2010,746
46,Virginia,13,939,5197,5.53,36,399.77,8,5,0,2011,746
62,Virginia,12,891,4758,5.34,34,396.5,4,8,0,2012,746
76,Wake Forest,12,818,4257,5.2,45,354.75,5,7,0,2003,749
76,Wake Forest,11,770,3864,5.02,29,351.27,4,7,0,2004,749
68,Wake Forest,11,818,3947,4.83,30,358.82,4,7,0,2005,749
96,Wake Forest,14,829,4298,5.18,33,307,11,3,0,2006,749
93,Wake Forest,13,942,4425,4.7,44,340.38,9,4,0,2007,749
101,Wake Forest,13,885,4008,4.53,31,308.31,8,5,0,2008,749
41,Wake Forest,12,846,4841,5.72,40,403.42,5,7,0,2009,749
108,Wake Forest,12,762,3628,4.76,34,302.33,3,9,0,2010,749
78,Wake Forest,13,921,4781,5.19,41,367.77,6,7,0,2011,749
117,Wake Forest,12,829,3616,4.36,30,301.33,5,7,0,2012,749
54,Washington St.,13,962,5021,5.22,45,386.23,10,3,0,2003,754
64,Washington St.,11,799,4055,5.08,37,368.64,5,6,0,2004,754
8,Washington St.,11,821,5382,6.56,47,489.27,4,7,0,2005,754
25,Washington St.,12,822,4657,5.67,38,388.08,6,6,0,2006,754
28,Washington St.,12,898,5223,5.82,38,435.25,5,7,0,2007,754
118,Washington St.,13,811,3134,3.86,20,241.08,2,11,0,2008,754
119,Washington St.,12,726,2983,4.11,18,248.58,1,11,0,2009,754
92,Washington St.,12,801,3962,4.95,31,330.17,2,10,0,2010,754
33,Washington St.,12,884,5069,5.73,45,422.42,4,8,0,2011,754
94,Washington St.,12,876,4314,4.92,29,359.5,3,9,0,2012,754
50,Washington,12,949,4670,4.92,41,389.17,6,6,0,2003,756
103,Washington,11,815,3421,4.2,18,311,1,10,0,2004,756
69,Washington,11,704,3938,5.59,29,358,2,9,0,2005,756
74,Washington,12,775,3861,4.98,33,321.75,5,7,0,2006,756
60,Washington,13,922,5125,5.56,48,394.23,4,9,0,2007,756
116,Washington,12,785,3158,4.02,19,263.17,0,12,0,2008,756
62,Washington,12,787,4506,5.73,37,375.5,5,7,0,2009,756
76,Washington,13,857,4713,5.5,35,362.54,7,6,0,2010,756
38,Washington,13,858,5328,6.21,57,409.85,7,6,0,2011,756
97,Washington,13,904,4618,5.11,41,355.23,7,6,0,2012,756
72,West Virginia,13,852,4796,5.63,49,368.92,8,5,0,2003,768
26,West Virginia,12,849,5027,5.92,47,418.92,8,4,0,2004,768
50,West Virginia,12,818,4667,5.71,50,388.92,11,1,0,2005,768
5,West Virginia,13,823,5998,7.29,65,461.38,11,2,0,2006,768
15,West Virginia,13,893,5931,6.64,68,456.23,11,2,0,2007,768
59,West Virginia,13,822,4685,5.7,38,360.38,9,4,0,2008,768
61,West Virginia,13,855,4907,5.74,43,377.46,9,4,0,2009,768
67,West Virginia,13,908,4845,5.34,42,372.69,9,4,0,2010,768
15,West Virginia,13,959,6104,6.36,63,469.54,10,3,0,2011,768
10,West Virginia,13,998,6526,6.54,69,502,7,6,0,2012,768
na,Western Ky.,12,845,4906,5.67,51,408.83,7,5,0,2007,772
na,Western Ky.,12,746,3433,4.52,25,286.08,2,10,0,2008,772
101,Western Ky.,12,758,3849,5.08,29,320.75,0,12,0,2009,772
98,Western Ky.,12,795,3828,4.82,36,319,2,10,0,2010,772
89,Western Ky.,12,845,4187,4.96,37,348.92,7,5,0,2011,772
74,Western Ky.,13,841,5029,5.98,48,386.85,7,6,0,2012,772
49,Western Mich.,12,794,4674,5.89,44,389.5,5,7,0,2003,774
67,Western Mich.,11,794,4008,5.05,33,364.36,1,10,0,2004,774
48,Western Mich.,11,812,4317,5.32,45,392.45,7,4,0,2005,774
78,Western Mich.,13,879,4154,4.73,35,319.54,8,5,0,2006,774
57,Western Mich.,12,921,4776,5.19,41,398,5,7,0,2007,774
28,Western Mich.,13,893,5350,5.99,48,411.54,9,4,0,2008,774
56,Western Mich.,12,872,4654,5.34,38,387.83,5,7,0,2009,774
34,Western Mich.,12,860,4940,5.74,51,411.67,6,6,0,2010,774
19,Western Mich.,13,945,5960,6.31,58,458.46,7,6,0,2011,774
38,Western Mich.,12,915,5271,5.76,46,439.25,4,8,0,2012,774
41,Wisconsin,13,905,5134,5.67,45,394.92,7,6,0,2003,796
93,Wisconsin,12,857,3937,4.59,30,328.08,9,3,0,2004,796
45,Wisconsin,13,909,5155,5.67,58,396.54,10,3,0,2005,796
35,Wisconsin,13,867,4851,5.6,48,373.15,12,1,0,2006,796
46,Wisconsin,13,934,5314,5.69,46,408.77,9,4,0,2007,796
37,Wisconsin,13,900,5190,5.77,42,399.23,7,6,0,2008,796
30,Wisconsin,13,921,5420,5.88,52,416.92,10,3,0,2009,796
21,Wisconsin,13,860,5787,6.73,70,445.15,11,2,0,2010,796
14,Wisconsin,14,937,6578,7.02,85,469.86,11,3,0,2011,796
65,Wisconsin,14,926,5506,5.95,55,393.29,8,6,0,2012,796
82,Wyoming,12,807,4147,5.14,36,345.58,4,8,0,2003,811
62,Wyoming,12,881,4437,5.04,37,369.75,7,5,0,2004,811
65,Wyoming,11,733,3995,5.45,35,363.18,4,7,0,2005,811
91,Wyoming,12,787,3736,4.75,32,311.33,6,6,0,2006,811
106,Wyoming,12,879,3873,4.41,28,322.75,5,7,0,2007,811
108,Wyoming,12,779,3552,4.56,19,296,4,8,0,2008,811
107,Wyoming,13,906,4022,4.44,27,309.38,7,6,0,2009,811
116,Wyoming,12,691,3426,4.96,30,285.5,3,9,0,2010,811
59,Wyoming,13,915,5050,5.52,46,388.46,8,5,0,2011,811
70,Wyoming,12,852,4687,5.5,43,390.58,4,8,0,2012,811
104,East Carolina,12,862,3735,4.33,26,311.25,1,11,0,2003,196
105,East Carolina,11,751,3392,4.52,28,308.36,2,9,0,2004,196
47,East Carolina,11,764,4328,5.66,31,393.45,5,6,0,2005,196
54,East Carolina,13,880,4526,5.14,33,348.15,7,6,0,2006,196
66,East Carolina,13,879,5011,5.7,52,385.46,8,5,0,2007,196
na,FIU,11,742,3943,4.83,32,358.45,5,6,0,2005,231
116,FIU,12,707,2797,3.96,15,233.08,0,12,0,2006,231
118,FIU,12,777,3236,4.16,23,269.67,1,11,0,2007,231
96,FIU,12,771,3803,4.93,37,316.92,5,7,0,2008,231
na,Massachusetts,12,854,3339,4.4,18,278.25,1,11,0,2012,400
2,Miami (OH),14,1053,7016,6.66,82,501.14,13,1,0,2003,414
34,Miami (OH),13,913,5196,5.69,51,399.69,8,5,0,2004,414
28,Miami (OH),11,857,4682,5.46,45,425.64,7,4,0,2005,414
80,Miami (OH),12,806,3819,4.74,27,318.25,2,10,0,2006,414
81,Miami (OH),13,932,4769,5.12,28,366.85,6,7,0,2007,414
89,Miami (OH),12,837,3912,4.67,23,326,2,10,0,2008,414
41,Miami (FL),13,917,5134,5.6,42,394.92,11,2,0,2003,415
66,Miami (FL),12,792,4384,5.54,48,365.33,9,3,0,2004,415
73,Miami (FL),12,788,4237,5.38,41,353.08,9,3,0,2005,415
87,Miami (FL),13,791,4075,5.15,31,313.46,7,6,0,2006,415
110,Miami (FL),12,779,3781,4.85,30,315.08,5,7,0,2007,415
89,Miami (FL),13,837,4238,5.06,42,326,7,6,0,2008,415
68,Middle Tenn. St.,12,860,4455,5.18,42,371.25,4,8,0,2003,419
57,Middle Tenn. St.,11,764,4117,5.39,32,374.27,5,6,0,2004,419
105,Middle Tenn. St.,11,745,3383,4.54,27,307.55,4,7,0,2005,419
104,Middle Tenn. St.,13,787,3712,4.72,39,285.54,7,6,0,2006,419
96,Middle Tenn. St.,12,783,4042,5.16,41,336.83,5,7,0,2007,419
70,Middle Tenn. St.,12,826,4183,5.06,35,348.58,5,7,0,2008,419
114,Ole Miss,12,773,3375,4.37,24,281.25,2,10,0,2011,433
46,Ole Miss,13,962,5509,5.73,51,423.77,7,6,0,2012,433
117,Southern Methodist,12,794,3128,3.94,15,260.67,0,12,0,2003,663
90,Southern Methodist,11,761,3673,4.83,26,333.91,3,8,0,2004,663
104,Southern Methodist,11,739,3391,4.59,25,308.27,5,6,0,2005,663
79,Southern Methodist,12,720,3834,5.33,41,319.5,6,6,0,2006,663
37,Southern Methodist,12,902,5067,5.62,43,422.25,1,11,0,2007,663
na,South Ala.,13,938,4334,5.26,26,333.38,2,11,0,2012,646
na,Texas St.,12,794,4143,5.29,38,345.25,6,6,0,2011,670
na,Texas St.,12,774,4557,5.85,44,379.75,4,8,0,2012,670
na,UTSA,10,660,3645,5.11,33,364.5,4,6,0,2011,706
na,UTSA,12,798,4683,5.5,47,390.25,8,4,0,2012,706
111,Troy,12,825,3527,4.28,24,293.92,6,6,0,2003,716
