"Code","Name","G","Rush","RushYds","RushYPG","RushAvg","RushTD","Rec","RecYds","RecYPG","RecAvg","RecLng","RecTD","Position","QBRAT","Att","Comp","Pct","PassYds","PassYPG","PassAvg","PassTD","Int","Sack","YdsL","Rank","TeamName","TeamGames","Plays","TeamYds","TeamAvg","TeamTD","TeamYPG","Wins","Losses","Percentage","PlayerID","AV"
367,"Adam Froman",15,97,86.77473423,5.784982282,0.894584888969072,1.88372094,0,0,0,NA,0,0,"QB",132.5175705235,403,243.79168413,0.376924580373856,2995.32933877,199.688622584667,12.2864294959822,16.81809231,8.89258283420083,29.1999609994645,-170.950908209232,101,"Louisville",25,1624,8832.8758753,5.43896297740148,68.48305115,353.315035012,10.89810805,13.8034411788987,0.50906583,94,NA
193,"Adam Smith",7,21,-18.8571429,-2.69387755714286,-0.897959185714286,2.0952381,0,0,0,NA,0,0,"QB",107.69523834,94,51.33333345,0.353211009693523,511.2380964,73.0340137714286,9.95918367346939,2.0952381,0,7.63636361900826,-59.1818180473141,105,"Duke",12,906,4312.0000098,4.75938190927152,26.19047625,359.33333415,4.1904762,7.63636361900826,0.54761905,115,NA
428,"Adam Weber",50,398,776.26665649,15.5253331298,1.9504187348995,10.36639025,0,0,0,NA,0,0,"QB",130.3192189335,1594,959.39335884,0.375732691368732,11558.16303449,231.1632606898,12.0473661069167,76.64537472,47.9223675082042,94.5454118614252,-625.081502707045,71,"Minnesota",50,3378,18453.62446946,5.462884686045,156.60157252,369.0724893892,17.68008011,30.9896335488678,0.5591085075,118,NA
8,"AJ McCarron",36,85,-42.11331456,-1.16981429333333,-0.495450759529412,3.29501661,0,0,0,NA,0,0,"QB",173.507969392333,690,504.23508853,0.422224311923936,6524.9434766,181.248429905556,12.9402804862752,53.56892419,7.28947368473823,33.837134448907,-230.63947322603,42.6666666666667,"Alabama",40,2592,19335.78446096,7.45979338771605,202.08768237,483.394611524,38.44702279,4.5346491158159,0.599352586666667,155,NA
521,"Al Pena",12,37,-27.72132888,-2.31011074,-0.749225104864865,2.08737864,0,0,0,NA,0,0,"QB",142.232539422,190,100.43522448,0.345809378527763,1251.48938064,104.29078172,12.4606619552009,9.42763956,12.4558139581231,11.4364678161705,-105.833232254611,91,"Oklahoma St.",23,1549,8651.82069036,5.58542329913493,83.16398664,376.166116972174,11.72163228,11.344657906102,0.56090716,168,NA
204,"Alex Gillett",44,506,2130.66976324,48.4243128009091,4.2108098087747,13.66094337,0,0,0,NA,0,0,"QB",108.71838411725,660,335.52390862,0.337032496874038,4279.71284182,97.2662009504545,12.7553140979501,33.88665687,35.2711277719858,58.6150997469637,-396.216263297634,62.5,"Eastern Mich.",48,3074,15083.5783449,4.90682444531555,115.96101594,314.24121551875,9.81507192,39.3940637739814,0.4701035875,195,NA
86,"Alex Zordich",17,165,547.69814588,32.2175379929412,3.31938270230303,2.92892562,0,0,0,NA,0,0,"QB",81.3391461573333,314,150.71013282,0.324309977717606,1734.5436677,102.031980452941,11.5091376753788,10.21033058,13.1190023239969,26.5159772473604,-173.701039637854,72.6666666666667,"Buffalo",36,2574,12060.05113264,4.68533455036519,84.11493612,335.001420351111,8.77211274,28.0967650142837,0.46590968,222,NA
648,"Andrew Clifford",4,2,18.33046333,4.5826158325,9.165231665,0,0,0,0,NA,0,0,"QB",126.292818282667,5,3.26309372,0.394899759166715,35.84849444,8.96212361,10.9860449978127,1.07251908,0.89440993433278,0,0,86,"South Carolina",40,2637,16649.77041517,6.31390611117558,176.73191594,416.24426037925,33.75555877,8.18628072544229,0.590656663333333,324,NA
513,"Andrew Hendrix",8,33,216.28253848,27.03531731,6.55401631757576,1.05319149,0,0,0,NA,0,0,"QB",130.9149264285,44,24.52641232,0.35791181078426,323.50330151,40.43791268875,13.1899968609025,1.05319149,1.898989897839,3.74631766687562,-27.4836913898631,60.5,"Notre Dame",26,1800,11622.28853961,6.45682696645,94.9837123,447.011097677308,21.79104912,5.64530756471462,0.583492295,334,NA
674,"Andrew Luck",38,163,908.96636187,23.9201674176316,5.57648074766871,7.13015737,0,0,0,NA,0,0,"QB",164.001458455333,1064,728.14011445,0.406296421010286,9608.79491586,252.863024101579,13.1963542801347,84.0202398,21.5044883751961,22.5763959106529,-152.687673716838,52.6666666666667,"Stanford",39,2698,18373.2097619,6.80993690211268,203.56992656,471.107942612821,31.61373292,7.99555698412232,0.515967703333333,340,13
698,"Andy Dalton",50,413,1586.07825532,31.7215651064,3.84038318479419,22.54218715,0,0,0,NA,0,0,"QB",145.05062448875,1317,828.98046818,0.386294507555819,10553.42236533,211.0684473066,12.7306043633328,72.91727912,29.6106663503583,49.0282390326537,-373.111179223654,58,"TCU",52,3882,23204.47335568,5.9774532085729,239.54907275,446.239872224615,45.21809384,8.00939688182738,0.5235715475,366,24
721,"Andy Gray",4,8,11.745,2.93625,1.468125,0,0,0,0,NA,0,0,"QB",0,2,0,0,0,0,NA,0,0,0,0,55,"Air Force",23,1736,9283.95,5.34789746543779,84.855,403.65,11.925,11.0105580693816,0.4975,370,NA
193,"Anthony Boone",20,70,217.88219522,10.894109761,3.11260278885714,6.18185282,0,0,0,NA,0,0,"QB",113.1184040865,148,82.34064017,0.357473349510662,864.75733555,43.2378667775,10.5021934947874,6.30709109,2.87398086911443,0.945054949416737,-5.67032969650042,85,"Duke",25,1848,10095.29332887,5.46282106540584,88.4807469,403.8117331548,9.3980175,15.4702233784458,0.537266485,399,NA
539,"Anthony Morelli",33,92,-127.8471171,-3.87415506363636,-1.38964257717391,1.07936508,0,0,0,NA,0,0,"QB",114.5951190705,821,480.75735259,0.369314105761321,5514.72649037,167.112923950606,11.4709145074128,32.29973546,18.2306520488358,40.1617550175039,-304.57459589719,49.25,"Penn St.",49,3378,19146.71586872,5.66806272016578,164.095822,390.749303443265,34.79313082,15.4049580886311,0.5489919725,441,NA
312,"Arvell Nelson",1,0,0,0,NA,0,0,0,0,NA,0,0,"QB",187.568992824,1,0.93410853,0.482965932630471,11.20930236,11.20930236,12,0,0,0,0,12,"Iowa",12,814,3545.87597988,4.35611299739558,26.15503884,295.48966499,5.60465118,6.42323649480002,0.43410853,527,NA
311,"Austen Arnaud",40,376,1143.52219769,28.58805494225,3.04128244066489,14.82986883,0,0,0,NA,0,0,"QB",121.51596042475,1031,620.98453525,0.375902147991975,6811.28281755,170.28207043875,10.9685224525082,42.43940489,33.702130431188,49.0509842470134,-287.244036442082,69.25,"Iowa St.",49,3461,17491.04756985,5.05375543769142,133.23445327,356.960154486735,17.51922121,31.3390990601553,0.52787684,551,NA
559,"Austin Parker",1,2,8,8,4,0,0,0,0,NA,0,0,"QB",100,1,1,0.5,0,0,0,0,0,0,0,75,"Purdue",13,957,5235,5.47021943573668,50,402.692307692308,6,7,0.5,572,NA
811,"Austyn Carta-Samuels",24,259,524.8913962,21.8704748416667,2.02660770733591,6.19674186,0,0,0,NA,0,0,"QB",123.5695489695,578,356.35129531,0.381388988380189,3775.11069733,157.296279055417,10.5937897434775,19.62406017,12.5902097868001,58.093146798218,-426.034684958041,15,"Wyoming",25,1597,7692.84461976,4.8170598746149,58.86591483,307.7137847904,10.33208022,14.5267132816375,0.53279031,582,NA
694,"B.J. Coleman",1,7,17.12878792,17.12878792,2.44696970285714,0,0,0,0,NA,0,0,"QB",47.35606072,8,4.03030304,0.335012594994448,21.15909096,21.15909096,5.25,0,0.992481200619594,1.98496240123919,-6.94736840433716,19,"Tennessee",12,718,3249.431826,4.52567106685237,26.19696976,270.7859855,5.0378788,6.94736840433716,0.50757576,596,NA
630,"Beau Pierce",6,2,13.01253314,2.16875552333333,6.50626657,0.91747573,0,0,0,NA,0,0,"QB",86.2718008055,30,15.84889679,0.345676731603644,141.91262179,23.6521036316667,8.95410094912985,0,1.05769230260725,0,0,88.5,"San Jose St.",22,1522,7429.4405381,4.88136697641261,68.81650508,337.701842640909,4.67131511,18.2710622106589,0.43146514,636,NA
306,"Ben Chappell",35,142,-9.89778345,-0.282793812857143,-0.0697027003521126,9.01451544,0,0,0,NA,0,0,"QB",94.90502872375,1066,644.79049714,0.376896234938131,7187.66724946,205.361921413143,11.1472909128488,44.40824282,28.1481544022733,37.9548247936273,-260.918369379928,82.75,"Indiana",49,3394,18332.34508468,5.40139808034178,153.89614674,374.129491524082,18.95212228,29.9122547574836,0.50120962,645,NA
648,"Bennett Swygert",5,3,0,0,0,1.08823529,0,0,0,NA,0,0,"QB",150.502940607,21,11.97058819,0.36306868779583,174.1176464,34.82352928,14.5454545454545,2.17647058,0.918918922395909,0.918918922395909,-7.35135137916727,94,"South Carolina",12,819,4636.97057069,5.66174672855922,38.08823515,386.414214224167,5.44117645,6.43243245677137,0.58823529,670,NA
671,"Blaine Gautier",35,226,782.12197565,22.3463421614286,3.46071670641593,11.24971056,0,0,0,NA,0,0,"QB",122.13735378775,523,290.58121742,0.35716313405253,3964.88486275,113.28242465,13.6446701474832,30.55417546,12.8079012775266,35.0047799622565,-214.424655240136,77.25,"La.-Lafayette",50,3482,18509.04406412,5.31563585988512,171.17719452,370.1808812824,25.62556869,24.5612986119717,0.44293374,716,NA
37,"Blake Field",8,5,3.18421053,0.39802631625,0.636842106,0,0,0,0,NA,0,0,"QB",147.869842638,51,32.97212487,0.392655597569375,400.12164771,50.01520596375,12.1351489868357,4.25672961,0.941935479981686,0,0,88.3333333333333,"Auburn",38,2471,14322.12619422,5.79608506443545,133.10672262,376.898057742632,30.88338555,8.43985461803615,0.56518881,728,NA
388,"Blake Frohnapfel",5,13,75.14634114,15.029268228,5.78048778,0.96341463,0,0,0,NA,0,0,"QB",157.99999932,23,17.34146334,0.429866988062511,173.4146334,34.68292668,10,1.92682926,1.03797468801154,3.11392406403461,-3.11392406403461,77,"Marshall",12,1087,6176.45119293,5.68210781318307,62.62195095,514.7042660775,4.81707315,7.26582281608076,0.46341463,729,NA
328,"Blake Jablonski",3,2,1.08870968,0.362903226666667,0.54435484,0,0,0,0,NA,0,0,"QB",218.612903744,1,1.08870968,0.521235521827045,13.06451616,4.35483872,12,0,0,0,0,114,"Kansas",12,871,4707.58065632,5.40479983504018,29.39516136,392.298388026667,1.08870968,10.1037036797542,0.58870968,731,NA
648,"Blake Mitchell",32,105,-131.33060625,-4.1040814453125,-1.25076767857143,4.39871201,0,0,0,NA,0,0,"QB",126.9962826825,794,527.78643989,0.399297816925647,6564.53766719,205.141802099687,12.4378672338724,41.51751888,27.7108245644502,43.0081560890144,-306.830175132403,53.5,"South Carolina",48,3092,18722.29087803,6.0550746694793,160.34860833,390.047726625625,28.98564788,19.649319052978,0.5698072125,738,NA
774,"Blayne Baggett",7,25,-19.33680386,-2.76240055142857,-0.7734721544,0,0,0,0,NA,0,0,"QB",122.137754039,140,84.5411248,0.376506196249356,1042.4445647,148.9206521,12.3306209512367,8.73529416,6.15595957223253,9.27272722776859,-71.0909087462259,75,"Western Mich.",23,1588,8543.4362442,5.37999763488665,75.8347216,371.453749747826,5.94846434,17.3341413729372,0.48308173,746,NA
404,"Bobby Robison",8,4,-6.94615383,-0.86826922875,-1.7365384575,0,0,0,0,NA,0,0,"QB",152.29310442,37,19.83502746,0.348993012697315,312.34821425,39.04352678125,15.7473043523581,2.97321429,1.00900900755458,1.00775194032811,-3.02325582098432,69.5,"Memphis",25,1903,11209.22471983,5.89029149754598,100.15755491,448.3689887932,16.85934065,8.06704379153075,0.49168956,770,NA
156,"Bradlee Van Pelt",13,170,970.05223962,74.6194030476923,5.70618964482353,10.6716418,0,0,0,NA,0,0,"QB",163.702985212,297,192.0895524,0.392749244913129,3036.0820921,233.544776315385,15.8055555555556,20.27611942,12.1818181715957,15.930069916702,-105.888111799255,35,"Colorado St.",13,900,6089.23881108,6.7658209012,52.29104482,468.402985467692,7.47014926,5.62237761765954,0.56716418,805,0
31,"Brandon Allen",5,8,-3.33471075,-0.66694215,-0.41683884375,0,0,0,0,NA,0,0,"QB",76.9206613,49,23.34297525,0.322670932033584,206.7520665,41.3504133,8.85714285714286,1.11157025,2.6988847533478,3.59851300446373,-31.4869887890576,65,"Arkansas",12,826,5604.5372005,6.78515399576271,38.90495875,467.044766708333,4.446281,7.19702600892746,0.61157025,829,NA
193,"Brandon Connette",26,127,359.77547387,13.8375182257692,2.83287774700787,17.64957688,0,0,0,NA,0,0,"QB",141.366053418667,37,16.51717509,0.308633164254709,203.40912254,7.82342779,12.315006738843,3.17441859,1.9588477430744,2.94271871335535,-24.5256206771238,82,"Duke",37,2720,14767.42776727,5.42920138502573,123.1950325,399.119669385676,12.4610427,23.3056143507434,0.531847123333333,855,NA
657,"Brandon Hance",5,2,-4.3235294,-0.86470588,-2.1617647,0,0,0,0,NA,0,0,"QB",125.9226589675,10,5.25775311,0.344595503157935,52.43087246,10.486174492,9.97210621401734,0,0,0,0,25.5,"Southern California",26,1820,12385.44967972,6.80519213171429,140.18327332,476.36344922,26.58208283,0.957654720444355,0.56255002,880,NA
709,"Brandon Summers",4,9,-18.5,-4.625,-2.05555555555556,0.925,0,0,0,NA,0,0,"QB",99.0675,23,12.95,0.360222531293463,124.875,31.21875,9.64285714285714,0.925,2.16216216216216,5.40540540540541,-49.7297297297297,91,"Toledo",12,856,3628.775,4.23922313084112,34.225,302.397916666667,4.625,7.56756756756757,0.425,958,NA
498,"Brayle Brown",4,5,19.17391308,4.79347827,3.834782616,0,0,0,0,NA,0,0,"QB",18.443478296,5,1.82608696,0.267515923940119,10.95652176,2.73913044,6,0,1.09523809315193,0,0,58,"La.-Monroe",13,989,5136.78261848,5.1939156910819,55.69565228,395.137124498462,7.30434784,5.47619046575964,0.41304348,993,NA
311,"Bret Meyer",48,509,952.36061922,19.84084623375,1.87104247390963,12.1465367,0,0,0,NA,0,0,"QB",123.0849491985,1414,841.63257953,0.37312485515942,9722.08757537,202.543491153542,11.5514629683171,51.14986758,40.0216438824599,117.10253620089,-720.837364421415,78.25,"Iowa St.",48,3421,16302.72033284,4.76548387396668,132.24648524,339.640006934167,21.51504033,26.3404212022367,0.5255879675,1023,NA
128,"Brett Hodges",12,59,-18,-1.5,-0.305084745762712,1,0,0,0,NA,0,0,"QB",131.3,329,197,0.374524714828897,2438,203.166666666667,12.3756345177665,17,13,24,-158,107,"UCF",13,859,4431,5.15832363213038,43,340.846153846154,8,5,0.5,1035,NA
430,"Brett Morgan",1,2,-14.20792086,-14.20792086,-7.10396043,0,0,0,0,NA,0,0,"QB",0,0,0,NA,0,0,NA,0,0,1.97073169789601,-13.7951218852721,17,"Mississippi St.",11,687,3083.11882662,4.487800329869,19.28217831,280.283529692727,3.04455447,7.88292679158406,0.51485149,1042,NA
404,"Brett Toney",8,25,24.38949338,3.0486866725,0.9755797352,1.01219512,0,0,0,NA,0,0,"QB",56.387692592,53,28.37692322,0.348709709057,309.40000156,38.675000195,10.9032258064516,2.74615386,2.18487393856366,5.46218484640915,-26.2184872627639,60.5,"Memphis",25,1818,9496.64373112,5.22367641975798,74.59474686,379.8657492448,7.51669796,17.5265768763068,0.46378987,1050,NA
295,"Brian Lindgren",11,15,-39.22641492,-3.56603772,-2.615094328,0,0,0,0,NA,0,0,"QB",134.770754118,246,137.29245222,0.358192423108811,1939.83961402,176.34905582,14.1292517006803,14.0094339,8.56565660372615,8.56565660372615,-56.7474749996857,76,"Idaho",12,848,4256.06601882,5.01894577691038,30.82075458,354.672168235,2.80188678,9.63636367919192,0.43396226,1089,NA
295,"Brian Reader",26,72,-48.14208093,-1.85161849730769,-0.668640012916667,0.92553191,0,0,0,NA,0,0,"QB",125.829969819,506,264.05584069,0.34290479564884,3139.49648593,120.749864843462,11.8895172995463,19.73666846,20.3051166886449,34.0247587554146,-190.915504446273,65.6666666666667,"Idaho",38,2581,13648.48669626,5.28806148634638,119.33814479,359.170702533158,15.03418378,23.3536102892247,0.44106764,1099,NA
709,"Bruce Gradkowski",36,243,935.9510222,25.9986395055556,3.85165029711934,13.16563155,0,0,0,NA,0,0,"QB",148.332073593667,1120,722.99629971,0.392293950792937,8700.96996506,241.693610140556,12.0345981971831,80.37967827,28.6164948180659,33.8785393700183,-216.239124698514,18,"Toledo",37,2719,15967.25375407,5.87247287755425,159.76609829,431.547398758649,24.56868868,11.6251012541425,0.445513543333333,1148,8
473,"Bryan Clampitt",5,7,5.65116282,1.130232564,0.807308974285714,0,0,0,0,NA,0,0,"QB",111.2679732575,33,19.00260628,0.365416421201726,183.71872503,36.743745006,9.66808038449766,1.89875702,2.10677343648448,2.12345677911294,-12.7407406746776,77,"New Mexico",24,1778,8738.37391344,4.91472098618673,71.27105061,364.09891306,14.21812353,9.47213879286593,0.44937851,1159,NA
9,"Bryan Ellis",16,36,-4.19130615,-0.261956634375,-0.116425170833333,1.90510948,0,0,0,NA,0,0,"QB",89.1718287793333,542,282.49879171,0.342630934757468,3495.93945263,218.496215789375,12.3750598417383,25.6496894,18.0448556675354,11.7063826053518,-72.1794226701416,60.6666666666667,"UAB",36,2478,13742.33847118,5.54573788183212,105.97194972,381.731624199444,11.35718341,25.5053062556865,0.44303727,1161,NA
255,"Bryce Dykes",2,11,8.33898304,4.16949152,0.758089367272727,0,0,0,0,NA,0,0,"QB",0,0,0,NA,0,0,NA,0,0,0,0,67,"Georgia Tech",13,805,5047.16948496,6.26977575771428,41.6949152,388.243806535385,9.38135592,3.83739837897548,0.54237288,1187,NA
51,"Bryce Petty",9,14,30.41481481,3.37942386777778,2.17248677214286,1.07037037,0,0,0,NA,0,0,"QB",189.6566666325,14,10.79259259,0.435315207589591,151.12592589,16.7917695433333,14.0027453672278,1.07037037,0,0.934256055686594,-3.73702422274638,33,"Baylor",26,2072,16357.68518243,7.89463570580599,169.34814812,629.141737785769,19.56296296,7.3985530057057,0.585185185,1192,NA
457,"Bryn Renner",27,118,-56.15273706,-2.07973100222222,-0.475870653050847,2.00260977,0,0,0,NA,0,0,"QB",140.361795825333,774,514.89604659,0.399486093507888,6451.52423246,238.945341942963,12.5297606675881,53.97383692,19.7307460555382,36.3135100384146,-267.3395519263,55,"North Carolina",38,2576,16043.63702305,6.22811996236413,149.97025607,422.200974290789,23.06428312,14.8562017907667,0.504745893333333,1195,NA
457,"C.J. Stephens",4,4,-25.61194038,-6.402985095,-6.402985095,0,0,0,0,NA,0,0,"QB",163.719403506,18,10.83582093,0.375776398261882,183.22388118,45.805970295,16.9090909090909,0.98507463,0,3.04545453576446,-19.2878787265083,59,"North Carolina",12,816,4661.37314916,5.71246709455882,39.4029852,388.44776243,1.97014926,10.1515151192149,0.48507463,1234,NA
156,"Caleb Hanie",35,248,194.21477572,5.548993592,0.783124095645161,7.96687344,0,0,0,NA,0,0,"QB",138.74774885175,811,493.81122379,0.378454150904419,6346.08991491,181.316854711714,12.8512468108841,39.35690906,33.9520423148166,83.701867375429,-572.459843916297,55.25,"Colorado St.",47,3137,17442.91871476,5.56038212137711,137.984875,371.125930101277,17.35199285,29.6111901713691,0.518124805,1243,2
392,"Caleb Rowe",2,11,32.5344827,16.26724135,2.95768024545455,0,0,0,0,NA,0,0,"QB",108.607758425,44,23.92241375,0.352202055687398,277.4999995,138.74999975,11.6,1.9137931,3.13513514078403,1.04504504692801,-8.36036037542407,25,"Maryland",12,776,3269.71551135,4.21355091668814,28.7068965,272.4762926125,3.8275862,8.36036037542407,0.45689655,1250,NA
235,"Cam Newton",6,21,126.87700571,21.1461676183333,6.04176217666667,4.50127201,0,0,0,NA,0,0,"QB",108.727768946,12,6.74412915,0.359799545555308,60.774951,10.1291585,9.01153427644546,0,0,0,0,27.5,"Florida",27,1722,13749.21162681,7.98444345343206,177.34001935,509.230060252222,24.87367903,4.44639705878433,0.629207435,1269,35
688,"Cameron Dantley",18,54,-85.01396765,-4.72299820277778,-1.57433273425926,0,0,0,0,NA,0,0,"QB",116.353982471,341,181.93706785,0.347913886843048,1996.23741836,110.902078797778,10.9721314185728,17.19762818,7.47430889895663,27.751591833674,-168.180223557202,18,"Syracuse",24,1449,7166.63637383,4.94591882251898,52.14942841,298.609848909583,5.34815697,17.9032105483674,0.56366526,1276,NA
704,"Carson Meger",17,32,15.17454192,0.892620112941176,0.474204435,0,0,0,0,NA,0,0,"QB",88.1234573563333,191,111.67073524,0.368951214102188,1119.13551061,65.8315006241177,10.0217439081491,2.84281581,8.44612070343392,11.6336207054261,-83.4741380563052,95,"UTEP",37,2484,12617.05405337,5.07932932905395,105.49253899,341.001460901892,12.78815406,24.9851750730271,0.420139063333333,1336,NA
811,"Casey Bramlet",12,98,-103.97058776,-8.66421564666667,-1.06092436489796,3.08823528,0,0,0,NA,0,0,"QB",133.411764096,425,248.08823416,0.368582039574067,3126.32351512,260.526959593333,12.6016597510373,22.64705872,8.74285718282449,38.8571430347755,-282.685715577992,102,"Wyoming",12,807,4268.97056872,5.2899263552912,37.05882336,355.747547393333,4.11764704,7.7714286069551,0.52941176,1346,NA
156,"Casey Hansen",1,0,0,0,NA,0,0,0,0,NA,0,0,"QB",196.38461496,1,1.06730769,0.516279069227474,10.6730769,10.6730769,10,0,0,0,0,75,"Colorado St.",11,742,4378.09614438,5.90039911641509,33.08653839,398.008740398182,4.26923076,6.55855857273923,0.56730769,1352,NA
709,"Cedric Stevens",6,6,49.92920348,8.32153391333333,8.32153391333333,0,0,0,0,NA,0,0,"QB",89.488495468,32,20.16371679,0.38654678061333,123.86283171,20.643805285,6.14285714285714,0,1.04147465562573,0,0,13,"Toledo",12,875,5331.86282547,6.09355751482286,52.80973445,444.3219021225,7.68141592,4.16589862250292,0.46017699,1387,NA
418,"Chad Henne",47,180,-339.84821339,-7.23081305085106,-1.88804562994444,3.26190475,0,0,0,NA,0,0,"QB",147.56175547125,1387,911.68154455,0.396610633913831,10699.31345614,227.644967151915,11.7358013004652,95.80753936,33.8000179076421,81.9079408139016,-540.820328231591,68.25,"Michigan",50,3633,20985.13882143,5.77625621289017,195.80456286,419.7027764286,39.61011892,12.726694467239,0.600446425,1402,22
721,"Chance Harridge",12,180,891.15,74.2625,4.95083333333333,11.7,0,0,0,NA,0,0,"QB",102.57,161,78,0.326359832635983,970.125,80.84375,12.4375,5.85,7.17948717948718,1.02564102564103,-13.3333333333333,73,"Air Force",12,899,4510.35,5.0170745272525,39.975,375.8625,6.825,5.12820512820513,0.475,1420,NA
574,"Chase Clement",44,470,1668.72270437,37.9255160084091,3.55047383908511,23.96034487,0,0,0,NA,0,0,"QB",124.79450576275,1386,798.19133278,0.365440207000582,9388.26237257,213.369599376591,11.7619197140012,95.16144654,35.3140153755782,84.6919516726697,-656.333388892378,62.25,"Rice",49,3557,18722.37225974,5.26352888944054,196.59909043,382.089229790612,20.34228932,28.3961972327219,0.48244732,1469,NA
434,"Chase Patton",13,10,46.23170499,3.55628499923077,4.623170499,2.14389836,0,0,0,NA,0,0,"QB",131.554664005,31,19.26199158,0.383231761704895,273.66886712,21.0514513169231,14.2077139834364,1.06643357,0.928104574071511,0,0,82.5,"Missouri",28,2094,14624.00505602,6.98376554728749,156.47148662,522.285894857857,23.59391318,5.60702880773044,0.57194918,1478,NA
67,"Chase Rettig",33,131,-376.66435553,-11.414071379697,-2.87530042389313,0.97058824,0,0,0,NA,0,0,"QB",113.298294794,979,532.60598869,0.352344455284655,6377.81264321,193.267049794242,11.9747294973098,35.59224169,30.3673086269343,71.7573156163309,-461.558729348948,49.3333333333333,"Boston College",37,2394,11920.21374494,4.97920373639933,79.44876586,322.167939052432,13.31069642,22.6381992835793,0.51959699,1480,NA
86,"Chazz Anderson",12,85,283.91025678,23.659188065,3.340120668,6.43162394,0,0,0,NA,0,0,"QB",102.814102698,406,211.3247866,0.342323508122685,2254.74359268,187.89529939,10.6695652173913,10.10683762,9.79534882445257,22.8558139237227,-146.930232366789,100,"Buffalo",12,858,4026.19658644,4.69253681403263,31.23931628,335.516382203333,2.75641026,9.79534882445257,0.41880342,1492,NA
193,"Chris Dapolito",13,53,103.94860941,7.99604687769231,1.96129451716981,1.06435644,0,0,0,NA,0,0,"QB",107.8789253685,92,52.7157003,0.364270774979624,551.98184979,42.4601422915385,10.4709194158234,3.15959454,3.78816066450285,6.62177587662967,-59.5359405996644,63,"Duke",23,1606,7431.62873544,4.6274151528269,48.54196149,323.114292845217,6.31918908,16.0921775378868,0.555987745,1555,NA
539,"Chris Ganter",6,6,-16.33920541,-2.72320090166667,-2.72320090166667,0,0,0,0,NA,0,0,"QB",19.696551744,30,8.20689656,0.2148014442134,53.34482764,8.89080460666667,6.5,0,0.974789914983405,2.92436974495022,-18.5210083846847,6.5,"Penn St.",23,1513,7457.12120166,4.92869874531395,55.09170424,324.222660941739,7.2556222,15.3890466273599,0.538293355,1573,NA
671,"Chris Masson",34,133,69.46976847,2.04322848441176,0.522329086240601,7.55275823,0,0,0,NA,0,0,"QB",105.91217111975,745,393.87219872,0.34584407202378,4443.58066062,130.693548841765,11.281782961734,22.32235585,21.4353248685221,36.5433767638572,-269.183498343513,73,"La.-Lafayette",49,3430,17667.8821912,5.15098606157434,163.98528968,360.569024310204,22.39771497,27.1122885949178,0.427237545,1618,NA
86,"Chris Moore",3,8,-7.00917432,-2.33639144,-0.87614679,0,0,0,0,NA,0,0,"QB",167.782110285,19,11.38990827,0.37479245310009,230.42660577,76.80886859,20.2307692307692,0.87614679,1.14136125522985,3.42408376568954,-13.6963350627581,20,"Buffalo",11,700,2597.77523235,3.71110747478571,22.77981654,236.161384759091,1.75229358,10.2722512970686,0.37614679,1629,NA
587,"Chris Paul-Etienne",2,3,-0.0334836900000002,-0.0167418450000001,-0.0111612300000001,0,0,0,0,NA,0,0,"QB",5.9678030425,3,1.03787879,0.25703564766985,16.60606064,8.30303032,16,0,0.963503647665832,0.963503647665832,-10.5985401243241,42.5,"Rutgers",26,1754,11372.23152137,6.48359835881984,103.21865627,437.393520052692,16.5167708,9.68740670113094,0.532298175,1641,NA
648,"Chris Smelley",21,71,-82.43003184,-3.92523961142857,-1.16098636394366,0,0,0,0,NA,0,0,"QB",132.872538001667,479,290.05849992,0.377160515032566,3452.40962926,164.40045853619,11.9024597803967,24.71616092,20.5419691311207,32.4081665938977,-222.220743978507,82.6666666666667,"South Carolina",38,2497,14990.62096024,6.00345252712855,122.61800891,394.490025269474,22.92903797,15.6066345438151,0.591230913333333,1660,NA
9,"Chris Williams",17,82,145.66365996,8.56845058588235,1.77638609707317,3.82552448,0,0,0,NA,0,0,"QB",164.161913725333,261,129.18289056,0.331082919537024,1681.38184206,98.9048142388235,13.0155149398756,12.40657344,12.4701250001493,13.5664999886302,-108.693499876482,84,"UAB",35,2269,12093.57346514,5.32991338260908,89.42438224,345.530670432571,12.413986,23.0649879061382,0.453861693333333,1679,NA
709,"Clint Cochran",17,49,-167.93181856,-9.8783422682353,-3.42717997061224,2.83195188,0,0,0,NA,0,0,"QB",107.712072509333,273,150.7930484,0.355817654322807,1529.3272756,89.9604279764706,10.1418950795612,7.45695188,9.51349758645593,27.6494039812006,-172.291564011821,51,"Toledo",36,2640,13875.10124804,5.25572016971212,137.13195232,385.419479112222,17.90521396,17.9835722274243,0.44398396,1745,NA
234,"Clint Trickett",12,15,-30.2596901,-2.52164084166667,-2.01731267333333,0.98062016,0,0,0,NA,0,0,"QB",146.581201755,106,65.7441862,0.382802979563101,941.29845216,78.44153768,14.3175922703869,6.86434112,4.07905136276211,8.15810272552422,-55.0671933972885,64,"Florida St.",27,1761,11486.09302762,6.52248326383873,116.91472872,425.410852874815,21.1511628,6.0262211796672,0.50387597,1751,NA
463,"Cody Green",31,145,511.12583055,16.4879300177419,3.52500572793103,6.99379923,0,0,0,NA,0,0,"QB",112.110621723,541,289.52955843,0.348608373406138,3194.3507398,103.043572251613,11.0329002576513,21.67612788,14.2459921673368,12.0895196192285,-75.7610265529701,74,"Nebraska",42,2952,16724.3023641,5.66541407997967,161.00748569,398.197675335714,31.49928571,10.7728955518621,0.517706686666667,1770,NA
756,"Cody Pickett",12,80,-62.82089575,-5.23507464583333,-0.785261196875,3.08955225,0,0,0,NA,0,0,"QB",121.625373575,454,264.67164275,0.36827895662786,3133.83583225,261.152986020833,11.84046692607,15.44776125,12.6231883600609,33.0144926340055,-237.898549862686,67,"Washington",12,949,4809.4030025,5.06786407007376,42.22388075,400.783583541667,6.1791045,5.82608693541273,0.52985075,1782,1
366,"Colby Cameron",28,139,360.22659789,12.8652356389286,2.59155825820144,4.70718595,0,0,0,NA,0,0,"QB",119.306153601,854,518.83068251,0.377927656425483,6105.44672405,218.051668716071,11.767705592339,42.54965977,13.2442081806447,22.6693937571886,-137.228176253922,54,"Louisiana Tech",49,3750,20899.85603994,5.573294943984,214.50421157,426.52767428449,25.51461072,22.8861206327569,0.493103545,1788,NA
47,"Cole Stinson",9,26,-149.3818189,-16.5979798777778,-5.74545457307692,0,0,0,0,NA,0,0,"QB",-1.3613633875,181,86.03636405,0.322189692613889,1040.94545955,115.660606616667,12.0989010989011,4.72727275,3.05656107580273,21.153846052145,-172.403845324982,63,"Ball St.",22,1518,6856.5988798,4.5168635571805,57.40227285,311.663585445455,6.1409091,16.1074660175829,0.503977275,1804,NA
690,"Colin Clancy",5,7,-20.96551732,-4.193103464,-2.99507390285714,0,0,0,0,NA,0,0,"QB",136.27586258,19,11.0344828,0.36739380110118,133.51724188,26.703448376,12.1,1.10344828,0,2.71874998980469,-21.7499999184375,21,"Temple",11,712,3003.58621816,4.21851996932584,14.34482764,273.05329256,0,9.96874996261719,0.60344828,1810,NA
327,"Collin Klein",41,601,2619.02757806,63.8787214160976,4.35778299178037,60.46927285,0,0,0,NA,0,0,"QB",193.921717128,604,400.23949559,0.398549845278546,5106.94556444,124.559647913171,12.759724166931,32.44996847,13.8643651541295,57.0898846646903,-337.997212785966,65,"Kansas St.",51,3386,19670.27177334,5.80929467611931,220.35344511,385.691603398823,35.98923838,16.4076224279427,0.5505975925,1817,NA
528,"Colt Charles",3,0,0,0,NA,0,0,0,0,NA,0,0,"QB",61.973796176,3,2.16075466,0.418689668925281,21.97045292,7.32348430666667,10.1679535056516,0,0.931506850846313,0,0,40.6666666666667,"Oregon St.",36,2844,16359.64529018,5.75233659992264,133.78530232,454.434591393889,21.604607,14.8672480396112,0.57809469,1821,NA
416,"Connor Cook",3,4,-3.3,-1.1,-0.825,0,0,0,0,NA,0,0,"QB",117.7,17,9.9,0.368029739776952,103.4,34.4666666666667,10.4444444444444,1.1,0.909090909090909,0.909090909090909,-10,116,"Michigan St.",13,957,5138.1,5.36896551724138,29.7,395.238461538462,7.7,5.45454545454545,0.6,1832,NA
754,"Connor Halliday",13,32,-167.40679553,-12.87744581,-5.2314623603125,0,0,0,0,NA,0,0,"QB",133.2351731375,394,208.32667911,0.345869917995039,2800.35655829,215.412042945385,13.4421408254262,23.65930725,17.2066115596913,23.2066115426105,-158.363636166426,81.5,"Washington St.",24,1760,9225.00224497,5.24147854827841,72.67358537,384.375093540417,6.87863564,17.2727272742791,0.483804865,1836,NA
648,"Connor Shaw",29,298,1181.06282817,40.7263044196552,3.96329808110738,11.82433869,0,0,0,NA,0,0,"QB",156.332496835667,449,324.17000862,0.419273904840926,3917.54332232,135.087700769655,12.0848419599243,34.51704363,13.8562442118021,49.0351691537181,-309.030256132344,86,"South Carolina",40,2637,16649.77041517,6.31390611117558,176.73191594,416.24426037925,33.75555877,8.18628072544229,0.590656663333333,1839,NA
663,"Corey Slater",6,13,25.79268285,4.298780475,1.98405252692308,0,0,0,0,NA,0,0,"QB",78.52439001,44,19.105691,0.302757020757446,199.65447095,33.2757451583333,10.45,1.9105691,4.1872340550258,4.1872340550258,-25.1234043301548,98,"Southern Methodist",12,720,3662.5609647,5.08689022875,39.16666655,305.213413725,5.7317073,6.2808510825387,0.45528455,1882,NA
749,"Cory Randolph",29,238,755.27385771,26.043926127931,3.17341957021008,7.23962765,0,0,0,NA,0,0,"QB",121.647638602667,524,315.88554881,0.376105469676869,3668.47442047,126.499117947241,11.6133024580891,16.49564467,17.4686648101766,37.1236931652965,-218.900600453455,92,"Wake Forest",34,2406,12382.81426933,5.1466393471862,106.9061013,364.200419686176,13.3473995,20.481195439098,0.525554896666667,1910,NA
731,"Craig Harrison",5,3,-1.91935484,-0.383870968,-0.639784946666667,0,0,0,0,NA,0,0,"QB",155.179838814,9,7.67741936,0.460348162642832,74.85483876,14.970967752,9.75,0,0,1.04201680602217,-8.33613444817739,35,"Utah St.",13,893,5852.11290716,6.55331792515118,56.62096778,450.16253132,10.55645162,2.08403361204435,0.45967742,1933,NA
334,"Curtis Pulley",21,72,287.97466094,13.713079092381,3.99964806861111,3.0148515,0,0,0,NA,0,0,"QB",97.9148936215,63,39.06703348,0.382758586666038,283.26666732,13.48888892,7.25078517837848,0,2.98522166017132,6.67132545884971,-40.8124640816761,28,"Kentucky",24,1542,8727.37949399,5.65977917898184,79.31023095,363.640812249583,11.93336998,12.4456409470479,0.559882655,1967,NA
312,"Cy Phillips",2,0,0,0,NA,0,0,0,0,NA,0,0,"QB",93.098276074,2,1.06034483,0.34647887375489,9.54310347,4.771551735,9,0,0,0,0,36,"Iowa",12,840,5502.12932287,6.55015395579762,46.65517252,458.510776905833,7.42241381,4.71544714373719,0.56034483,1972,NA
716,"Dallas Tidwell",1,0,0,0,NA,0,0,0,0,NA,0,0,"QB",0,3,0,0,0,0,NA,0,0,0,0,13,"Troy",12,966,5490.17713755,5.68341318586957,41.27952735,457.5147614625,4.58661415,7.63090132619941,0.41732283,2033,NA
164,"Dan Orlovsky",24,62,-74.68244013,-3.11176833875,-1.20455548596774,0,0,0,0,NA,0,0,"QB",123.8622616485,932,516.71398842,0.356670807730337,6224.152865,259.339702708333,12.0456442141853,50.65571119,31.8458722722695,25.0808629221048,-165.963038624364,65.5,"Connecticut",24,1831,9895.58093175,5.40446801297105,88.90769272,412.31587215625,15.44825182,7.65515943896344,0.410761465,2085,6
457,"Darian Durant",24,172,607.20459836,25.3001915983333,3.5302592927907,7.06531504,0,0,0,NA,0,0,"QB",139.775462714,688,436.0738357,0.387940562132595,5097.51830901,212.39659620875,11.6895761490191,37.36408676,17.9446185447982,37.6210378508371,-236.325495618141,59,"North Carolina",24,1591,10075.39086404,6.33274095791326,85.5976756,419.807952668333,8.89935282,15.3469174029371,0.569970945,2169,NA
529,"Darron Thomas",31,162,656.26399145,21.1698061758065,4.05101229290123,9.29964223,0,0,0,NA,0,0,"QB",154.964094987667,733,467.03821297,0.389186117510473,6146.18530386,198.26404206,13.1599195380075,68.73620664,16.3963016336173,22.1330123127913,-147.482067803026,48,"Oregon",40,2997,21190.86036867,7.0706908137037,247.9673593,529.77150921675,35.10796614,5.8291509268833,0.53135155,2243,NA
255,"Darryl Dickey",2,3,8.72307693,4.361538465,2.90769231,0,0,0,0,NA,0,0,"QB",0,0,0,NA,0,0,NA,0,0,0,0,31,"Georgia Tech",13,885,5780.49231228,6.53162973138983,57.18461543,444.653254790769,7.75384616,5.15873015463593,0.46923077,2246,NA
331,"Darryl Polk",3,2,-10.52586205,-3.50862068333333,-5.262931025,0,0,0,0,NA,0,0,"QB",33.3478447675,16,6.69827585,0.295100645276544,62.19827575,20.7327585833333,9.28571428571429,0,1.04504504692801,0,0,76,"Kent St.",23,1700,8040.58592147,4.72975642439412,79.39707394,349.590692237826,9.2541797,14.0271797648534,0.42541797,2251,NA
539,"Daryll Clark",38,190,639.6007188,16.8315978631579,3.36631957263158,22.7778784,0,0,0,NA,0,0,"QB",121.6212366725,738,457.93814188,0.382911227465433,5920.67973068,155.807361333684,12.9289945283297,44.30383457,15.5365870640791,28.0607595820715,-182.707948039309,55.25,"Penn St.",52,3582,21650.89116642,6.04435822624791,196.78746427,416.363291661923,41.49297889,11.5357072394799,0.5380559175,2263,NA
257,"David Greene",26,92,-267.86345999,-10.3024407688462,-2.91155934771739,2.18626252,0,0,0,NA,0,0,"QB",151.5324531615,737,478.19916695,0.393515054943809,6341.42704661,243.901040254231,13.2610583306873,36.20589555,13.8371394351716,51.6882462764665,-363.86982255607,60.5,"Georgia",26,1849,11116.98924058,6.01243333725257,88.56256977,427.576509253077,22.93681875,4.59124239375295,0.59313126,2308,NA
288,"David Piland",19,68,156.13932004,8.21785894947369,2.29616647117647,1.87878788,0,0,0,NA,0,0,"QB",122.5451223,793,435.76533736,0.354636743168749,5331.42536488,280.601334993684,12.2346247115005,38.34737632,27.1842353136216,15.8268322042219,-114.764070501015,20.5,"Houston",24,1878,11008.13898022,5.8616288499574,101.47265366,458.672457509167,9.5546933,14.6566337851563,0.45546933,2333,NA
513,"David Wolke",2,1,22.80487814,11.40243907,22.80487814,0,0,0,0,NA,0,0,"QB",46.750000187,3,1.03658537,0.256797583844981,29.02439036,14.51219518,28,0,0.964705878494118,0,0,2,"Notre Dame",12,945,5937.56099936,6.28313333265609,60.12195146,494.796749946667,9.32926833,2.89411763548235,0.53658537,2357,NA
418,"Denard Robinson",49,723,4729.92296865,96.5290401765306,6.54207879481328,44.93305857,0,0,0,NA,0,0,"QB",135.19866061775,747,460.54474481,0.381389382703549,6742.4191229,137.600390263265,14.640095666886,52.78324683,36.4037317505053,25.2555885779838,-191.810858301715,82.5,"Michigan",51,3428,22524.58738924,6.57076644960327,221.89591913,441.658576259608,33.08314888,19.0763290138073,0.5592599925,2477,NA
774,"Dennis Reedy",1,1,1.76,1.76,1.76,0,0,0,0,NA,0,0,"QB",0,0,0,NA,0,0,NA,0,0,0,0,64,"Western Mich.",11,812,3798.96,4.67852216748769,39.6,345.36,6.16,4.54545454545455,0.38,2486,NA
129,"Derek Rifenbury",1,0,0,0,NA,0,0,0,0,NA,0,0,"QB",173.524792666,2,2.02479338,0.503080081094747,17.21074373,17.21074373,8.5,0,0,0,0,67,"Central Mich.",12,860,4734.97931913,5.50578990596512,38.47107422,394.5816099275,3.03719007,8.88979595537793,0.51239669,2531,NA
731,"Diondre Borel",40,499,1148.5097371,28.7127434275,2.30162271963928,18.81527275,0,0,0,NA,0,0,"QB",96.39760013875,922,539.1938188,0.36900910191559,6982.76000775,174.56900019375,12.9503710248208,37.45600005,25.7204188767703,77.7454564240447,-523.903878974576,62.75,"Utah St.",48,3246,17212.0911103,5.30255425455946,146.4637483,358.585231464583,13.39605595,34.4218376033963,0.521825175,2666,NA
366,"Donald Allen",12,48,106.76869552,8.89739129333333,2.22434782333333,3.276,0,0,0,NA,0,0,"QB",89.792817512,94,47.07965224,0.333709727040648,523.97269632,43.66439136,11.1294937704493,1.092,4.15518752330233,13.9689418278764,-105.341278212755,75.5,"Louisiana Tech",23,1574,8714.42870968,5.5364858384244,78.87130448,378.888204768696,13.03460872,9.81375430457404,0.50904348,2706,NA
234,"Drew Weatherford",41,192,34.37274001,0.838359512439024,0.179024687552083,7.37737528,0,0,0,NA,0,0,"QB",97.748563048,1128,683.89395976,0.377447011220561,8053.19163633,196.419308203171,11.7754975335008,41.52871911,29.7971430129065,58.4674684864294,-330.202667339845,82.4,"Florida St.",64,4348,24702.62822992,5.68137723779209,217.41635717,385.9785660925,42.45300875,22.6860921409186,0.560004642,2793,NA
86,"Drew Willy",44,274,-175.97715647,-3.99948082886364,-0.642252395875912,6.79366212,0,0,0,NA,0,0,"QB",118.40163347075,1321,807.38837251,0.379342596933026,8332.79914183,189.381798677955,10.320682617617,49.83022266,32.0683787626129,120.730048679064,-791.837254508709,52,"Buffalo",49,3243,14900.6425422,4.59470938704903,127.99666327,304.094745759184,15.3833348,34.9269648860539,0.4491115725,2797,NA
301,"Dustin Ward",5,11,-18.8307693,-3.76615386,-1.71188811818182,0,0,0,0,NA,0,0,"QB",113.61230811,108,65.90769255,0.378980892585019,677.9076948,135.58153896,10.2857142857143,3.13846155,4.77941174713452,4.77941174713452,-37.2794116276492,107,"Illinois",12,826,4272.4923234,5.17250886610169,24.06153855,356.04102695,1.04615385,10.5147058436959,0.54615385,2827,NA
388,"Eddie Sullivan",6,12,38.9629628,6.49382713333333,3.24691356666667,0,0,0,0,NA,0,0,"QB",83.478147799,24,5.84444442,0.195830230167843,130.52592538,21.7543208966667,22.3333333333333,0.97407407,0,1.02661597387558,-3.07984792162674,6,"Marshall",12,766,3673.23331797,4.79534375714099,32.14444431,306.1027764975,4.87037035,7.18631181712906,0.47407407,2905,NA
234,"EJ Manuel",40,298,814.60173776,20.365043444,2.73356287838926,11.31721466,0,0,0,NA,0,0,"QB",153.0469609105,897,615.70499912,0.407022518916894,7932.28848522,198.3072121305,12.8832614589085,47.82002142,27.0310369354442,67.1933755788572,-457.522458349383,62,"Florida St.",54,3517,23310.06545982,6.62782640313335,227.28369442,431.667878885556,38.6270249,15.1633063050617,0.54848971,2919,NA
433,"Eli Manning",13,48,-28.197183,-2.16901407692308,-0.5874413125,3.02112675,0,0,0,NA,0,0,"QB",149.142957225,441,276.93661875,0.385739648204844,3625.3521,278.873238461538,13.0909090909091,29.20422525,9.93006996479045,18.8671329331019,-123.132867563402,36,"Mississippi",13,940,5670.65490975,6.03261160611702,52.366197,436.204223826923,10.0704225,2.97902098943714,0.50704225,2925,46
30,"Elliott Jacobs",12,52,198.57547178,16.5479559816667,3.81875907269231,2.74528302,0,0,0,NA,0,0,"QB",94.25471702,273,132.6886793,0.327070204495105,1406.50000058,117.208333381667,10.6,9.1509434,14.2061855611521,8.74226803763205,-61.1958762634244,8,"Arkansas St.",12,788,3410.55660518,4.32811751926396,30.19811322,284.213050431667,4.5754717,7.64948453292805,0.41509434,2932,NA
404,"Eric Mathews",7,20,66.59917363,9.51416766142857,3.3299586815,0,0,0,0,NA,0,0,"QB",155.992148939,5,2.81404959,0.36012691723908,22.51239672,3.21605667428571,8,0.93801653,0,0,0,14,"Memphis",12,772,3583.2231446,4.64148075725389,36.58264467,298.601928716667,3.75206612,8.528634351465,0.43801653,2962,NA
30,"Fredi Knighten",5,16,101.0909088,20.21818176,6.3181818,0,0,0,0,NA,0,0,"QB",168.37954497,5,3.1590909,0.387186628843662,46.3333332,9.26666664,14.6666666666667,1.0530303,0.949640290502562,0,0,37,"Arkansas St.",13,952,6388.7348301,6.71085591397059,61.0757574,491.441140776923,10.530303,2.84892087150769,0.5530303,3091,NA
663,"Garrett Gilbert",13,94,340.83582198,26.2181401523077,3.62591299978723,7.88059704,0,0,0,NA,0,0,"QB",103.925373465,506,264.00000084,0.342857143574026,2888.23881516,222.172216550769,10.9402985074627,14.77611945,15.2272726788223,33.4999998934091,-179.681817610103,111,"SMU",13,916,4703.73135825,5.13507790201965,48.26865687,361.825489096154,6.89552241,6.09090907152893,0.48507463,3110,NA
703,"Garrett Gilbert",23,118,256.72594895,11.1619977804348,2.17564363516949,6.19258546,0,0,0,NA,0,0,"QB",108.303484269,538,314.41371975,0.368851078373319,3406.75596487,148.119824559565,10.8352649737385,13.46340221,22.1841193573911,21.31147527602,-161.688882502701,63,"Texas",39,2877,16567.53997679,5.75861660646159,152.6200775,424.80871735359,27.7861777,12.4093124474899,0.560421503333333,3111,NA
657,"Garrett Green",1,1,3.12328767,3.12328767,3.12328767,0,0,0,0,NA,0,0,"QB",0,0,0,NA,0,0,NA,0,0,0,0,13,"Southern California",13,891,6153.91780579,6.90675399078563,68.71232874,473.378292753077,12.49315068,0.960526316168629,0.54109589,3113,NA
587,"Gary Nova",23,45,-155.71254968,-6.77011085565217,-3.46027888177778,0,0,0,0,NA,0,0,"QB",118.747705963,615,329.07787737,0.348570690255703,4150.31163665,180.448332028261,12.6119436220369,32.21564984,25.5954562758683,26.478765953439,-200.419646175022,63.5,"Rutgers",26,1759,8525.41158983,4.84673768608869,75.53683042,327.900445762692,17.64397323,8.16264359652612,0.480220735,3131,NA
497,"Giovanni Vizza",22,228,384.43456457,17.4742983895455,1.68611651127193,3.73387046,0,0,0,NA,0,0,"QB",106.402392282,876,497.99322269,0.362442270068138,4809.59791724,218.618087147273,9.65795857875352,29.83867411,38.6515548645664,53.6168172533071,-370.92013819665,68.5,"North Texas",24,1818,8632.31080423,4.74824576690319,65.1812852,359.679616842917,2.78425806,22.4849611160683,0.433467615,3201,NA
129,"Grant Arnoldink",6,16,-3.30970298,-0.551617163333333,-0.20685643625,0,0,0,0,NA,0,0,"QB",86.162910649,61,27.34633659,0.309535603235136,275.71029653,45.9517160883333,10.0821656905526,0.98514851,2.27272727272727,7.71196894558475,-62.3021928370798,70.5,"Central Mich.",23,1707,8210.82057248,4.81008820883421,67.35564338,356.992198803478,6.47544553,17.090223891495,0.432574255,3221,NA
277,"Greg Alexander",13,127,239.536416,18.4258781538462,1.88611351181102,3.03103449,0,0,0,NA,0,0,"QB",149.007283179,395,249.8809824,0.387483875660341,3293.32314678,253.332549752308,13.1795669888482,22.80391851,9.1062857730545,44.1447958455179,-249.675095787601,59,"Hawaii",27,1763,10362.6626433,5.87785742671583,81.06400212,383.802320122222,12.84514107,14.2039181957207,0.48623302,3229,NA
732,"Griff Robles",7,26,141.23358633,20.1762266185714,5.43206101269231,0,0,0,0,NA,0,0,"QB",0,2,0,0,0,0,NA,0,0,1.00699300248619,-4.02797200994474,40.5,"Utah",26,1632,8909.81377653,5.45944471601103,93.13383855,342.685145251154,17.62752528,8.21782941261697,0.477588385,3276,NA
490,"Harrison Beck",12,18,-44.66165409,-3.7218045075,-2.481203005,1.07142857,0,0,0,NA,0,0,"QB",100.066917205,240,126.73308257,0.345573084603868,1588.43232927,132.3693607725,12.5336833686866,4.2406015,15.0738351395185,5.64014337497354,-46.0745520181195,113.5,"North Carolina St.",25,1691,8794.19548105,5.20058869370195,69.87969919,351.767819242,11.65037593,13.2071684703629,0.560150375,3295,NA
522,"Hays McEachern",1,0,0,0,NA,0,0,0,0,NA,0,0,"QB",0,1,0,0,0,0,NA,0,0,0,0,56,"Oklahoma",14,897,5365.76313616,5.98189870251951,54.05263136,383.26879544,11.43421048,2.88607596105752,0.53947368,3306,NA
367,"Hunter Cantwell",27,56,-184.61546996,-6.83760999851852,-3.29670482071429,1.02066116,0,0,0,NA,0,0,"QB",132.6006335535,534,320.04789961,0.374742329740697,3998.01493341,148.074627163333,12.4919267968384,26.52559481,22.6339567116251,30.699455378812,-219.992992683469,70.25,"Louisville",49,3469,23052.51857203,6.64529217988758,231.30704318,470.45956269449,33.05863024,16.5562096074,0.53041197,3334,NA
277,"Inoke Funaki",26,104,336.62856739,12.9472525919231,3.23681314798077,1.97246604,0,0,0,NA,0,0,"QB",129.4289662215,202,116.91837737,0.366609093944921,1450.53462671,55.789793335,12.4063869114403,9.81817653,11.8771330774266,22.9175754765159,-150.625895261513,40.75,"Hawaii",54,3618,23983.39472232,6.62890954182421,236.2002473,444.136939302222,34.40511501,18.4165107900679,0.462314685,3362,NA
414,"J.D. Vonderheide",2,1,-2.02739726,-1.01369863,-2.02739726,0,0,0,0,NA,0,0,"QB",126.915068476,1,1.01369863,0.503401360510435,3.04109589,1.520547945,3,0,0,0,0,33,"Miami (OH)",14,1053,7112.10958808,6.75414015962013,83.12328766,508.00782772,13.17808219,0.986486486619796,0.51369863,3402,NA
811,"J.J. Raterink",8,27,32.09999991,4.01249998875,1.18888888555556,0,0,0,0,NA,0,0,"QB",114.78181786,64,35.99090899,0.359941812246145,362.82727171,45.35340896375,10.0810810810811,3.89090908,3.08411215817975,8.22429908847934,-77.1028039544938,80,"Wyoming",12,881,4315.99089699,4.89896810101022,35.99090899,359.6659080825,6.80909089,5.14018693029959,0.47272727,3417,NA
754,"J.T. Levenseller",4,10,-36.72794122,-9.181985305,-3.672794122,0,0,0,0,NA,0,0,"QB",70.775735378,34,16.87500002,0.331695331958056,133.01470604,33.25367651,7.88235294117647,0,2.01481481242689,4.02962962485377,-50.3703703106722,22,"Washington St.",13,811,3110.95588604,3.83595053765721,19.8529412,239.304298926154,1.98529412,11.0814814683479,0.49264706,3430,NA
811,"Jacob Doss",12,49,17.24622604,1.43718550333333,0.351963796734694,0.96923077,0,0,0,NA,0,0,"QB",79.8367116445,155,92.52083263,0.373790083230297,900.70690088,75.0589084066667,9.73517936746221,7.77134105,6.17218307325163,19.5482952506821,-95.5499324053755,71,"Wyoming",47,3280,15810.68790237,4.82033167755183,129.96593429,336.397614944043,21.64713575,25.3203559012984,0.485958805,3466,NA
235,"Jacoby Brissett",9,20,2.63504694,0.292782993333333,0.131752347,3.30270444,0,0,0,NA,0,0,"QB",126.160459357,74,46.38325468,0.385296566397834,513.9072394,57.1008043777778,11.0795855734029,3.30270444,3.7864768591644,7.25426871370595,-30.388607409112,7,"Florida",26,1616,9686.5516781,5.99415326615099,85.49344298,372.559679926923,20.48388414,7.36049704858023,0.62315673,3482,NA
415,"Jacory Harris",47,175,-120.15158394,-2.55641667957447,-0.686580479657143,5.34868927,0,0,0,NA,0,0,"QB",139.81975057075,1170,739.8332183,0.387381060927691,9296.49321635,197.797728007447,12.5656607278484,73.60499138,45.279451208719,68.1720535520478,-520.864499052159,76.25,"Miami (FL)",51,3390,20502.61672814,6.04796953632448,186.55124478,402.012092708627,30.6350923,21.0203275530603,0.55157831,3487,NA
756,"Jake Locker",40,454,1912.72378222,47.8180945555,4.21304797845815,31.00642131,0,0,0,NA,0,0,"QB",122.8812209185,1147,657.12661704,0.364235309669194,8114.55921122,202.8639802805,12.3485474500663,56.27232549,32.788840459094,69.7303329564278,-445.778593317969,68.25,"Washington",50,3351,18624.51072782,5.55789636759773,148.13089671,372.4902145564,16.99339072,31.9652191745324,0.5629000575,3520,8
311,"James Capello",2,3,29.916,14.958,9.972,1.108,0,0,0,NA,0,0,"QB",0,0,0,NA,0,0,NA,0,0,0,0,120,"Iowa St.",12,828,4220.372,5.09706763285024,37.672,351.697666666667,5.54,6.31768953068592,0.608,3611,NA
312,"James Vandenberg",32,158,67.19080262,2.099712581875,0.42525824443038,7.23900296,0,0,0,NA,0,0,"QB",128.64145293375,888,525.77949224,0.37189639199459,5988.97343584,187.15541987,11.3906562051801,35.9864624,19.0907514815966,55.0291312657285,-406.71543865243,74,"Iowa",51,3311,18976.68744154,5.73140665706433,163.02957775,372.091910618431,31.97422739,20.0046820673476,0.5592708675,3660,NA
521,"Jamie Beeghley",5,3,-4.11764704,-0.823529408,-1.37254901333333,1.02941176,0,0,0,NA,0,0,"QB",89.352940768,11,6.17647056,0.35958904004316,67.94117616,13.588235232,11,0,0.971428575869388,1.94285715173878,-4.85714287934694,47,"Oklahoma St.",13,872,5550.58820992,6.36535345174312,61.7647056,426.96832384,9.26470584,3.88571430347755,0.52941176,3670,NA
457,"Jared Hall",3,0,0,0,NA,0,0,0,0,NA,0,0,"QB",67.55973471,3,1.15486726,0.277955272149898,10.39380534,3.46460178,9,0,0,0,0,59,"North Carolina",12,775,5414.01771488,6.98582930952258,46.1946904,451.168142906667,6.92920356,5.1954022837222,0.65486726,3703,NA
66,"Jared Zabransky",47,351,866.51311573,18.4364492708511,2.46869833541311,31.17234191,0,0,0,NA,0,0,"QB",139.6049078055,980,615.26710476,0.385682813194198,8332.10662405,177.278864341489,13.5422592230087,58.59980466,36.9084090123342,66.3657158341115,-506.189164959994,47,"Boise St.",52,3819,23565.57742569,6.17061467025137,281.62913157,453.184181263269,45.82014608,6.11108141377673,0.49577204,3720,NA
726,"Jarvis Cummings",2,8,29.96666657,14.983333285,3.74583332125,1.03333333,0,0,0,NA,0,0,"QB",0,0,0,NA,0,0,NA,0,0,0,0,64,"Navy",12,829,4935.19998408,5.95319660323281,48.56666651,411.26666534,5.16666665,6.77419357023933,0.53333333,3748,NA
731,"Jase McCormick",4,28,62.9538459,15.738461475,2.24835163928571,0,0,0,0,NA,0,0,"QB",103.20615343,40,23.84615375,0.373493974960081,246.0923067,61.523076675,10.32,1.9076923,5.24193550500781,4.19354840400624,-20.9677420200312,19,"Utah St.",12,743,3181.07691025,4.28139557234186,28.6153845,265.089742520833,1.9076923,10.4838710100156,0.45384615,3758,NA
529,"Jason Fife",12,42,234.24657525,19.5205479375,5.57729941071429,5.20547945,0,0,0,NA,0,0,"QB",129.824657483,120,66.63013696,0.35701702868214,915.12328731,76.2602739425,13.734375,6.24657534,3.84210526467452,7.68421052934903,-39.3815789629138,74,"Oregon",13,916,5208.60273767,5.68624753020742,46.84931505,400.661749051538,8.32876712,4.80263158084314,0.54109589,3786,NA
312,"Jason Manson",9,22,98.02252481,10.8913916455556,4.45556930954545,0,0,0,0,NA,0,0,"QB",60.2673927233333,85,44.20400106,0.342125636182679,462.6961042,51.4106782444444,10.4672901344827,1.04198473,4.78191727798089,4.74868221085904,-27.5988564370896,63.3333333333333,"Iowa",38,2550,15258.92087309,5.98389053846667,133.54651071,401.550549291842,24.18452629,14.2877648069464,0.551116656666667,3804,NA
277,"Jason Whieldon",9,33,125.88620703,13.9873563366667,3.81473354636364,0.97586207,0,0,0,NA,0,0,"QB",139.841034631,147,85.87586216,0.368762401407656,1103.70000117,122.633333463333,12.8522727272727,11.71034484,6.14840988747518,5.12367490622932,-30.7420494373759,77,"Hawaii",14,1072,6669.04138638,6.22112069625,61.47931041,476.360099027143,8.78275863,5.12367490622932,0.47586207,3830,NA
490,"Jay Davis",19,66,-234.30247764,-12.3317093494737,-3.55003754,1.04368932,0,0,0,NA,0,0,"QB",154.883333044667,503,307.86057387,0.379671405653221,3646.88312503,191.941217106842,11.8458920516726,20.02325015,21.8559639770323,35.2019504703357,-244.134883554883,43,"North Carolina St.",36,2441,14434.89409177,5.91351662915608,134.93509567,400.969280326944,21.38268676,15.0337650661897,0.565946676666667,3856,NA
235,"Jeff Driskel",17,134,510.45302188,30.0266483458824,3.80935090955224,4.75968992,0,0,0,NA,0,0,"QB",116.631131659,279,202.53016256,0.420597043149429,2114.95826712,124.409309830588,10.4426829089886,14.27906976,6.09519282916628,34.9871677509609,-264.239164494813,7,"Florida",26,1616,9686.5516781,5.99415326615099,85.49344298,372.559679926923,20.48388414,7.36049704858023,0.62315673,3894,NA
472,"Jeff Fleming",13,79,260.9090904,20.0699300307692,3.30264671392405,2.79545454,0,0,0,NA,0,0,"QB",77.154545304,172,81.06818166,0.320341265852679,735.20454402,56.5541956938462,9.06896551724138,3.72727272,12.8780488056157,17.1707317408209,-106.24390264633,25,"New Mexico St.",13,772,2777.74999458,3.59812175463731,16.77272724,213.673076506154,2.79545454,10.7317073380131,0.43181818,3897,NA
419,"Jeff Murphy",14,57,112.74360808,8.05311486285714,1.97795803649123,1.70149254,0,0,0,NA,0,0,"QB",85.183287861,201,106.85859989,0.347102858026969,1073.45679597,76.6754854264286,10.0455817039996,2.70930234,5.5784080700548,7.88735784650129,-58.3289659302801,77.3333333333333,"Middle Tenn.",37,2659,12819.50726959,4.82117610740504,105.04210945,346.473169448378,14.31067918,23.6253558012327,0.392949016666667,3912,NA
466,"Jeff Rowe",39,306,538.47885377,13.8071500966667,1.75973481624183,11.70395963,0,0,0,NA,0,0,"QB",111.4615399185,1096,599.15761878,0.353452453118319,6959.00499581,178.43602553359,11.6146482623051,48.67660267,36.4610183500167,95.112760243808,-578.745371997845,49.75,"Nevada",49,3595,18160.50130865,5.05159980769124,173.50567722,370.622475686735,25.79960045,22.7532055230676,0.4232267525,3915,NA
327,"Jeff Schwinn",6,45,109.310345,18.2183908333333,2.42911877777778,2.1862069,0,0,0,NA,0,0,"QB",131.172414,68,40.44482765,0.37295303544152,615.41724235,102.569540391667,15.2162162162162,1.09310345,2.74447949093931,3.65930598791908,-23.785488921474,30,"Kansas St.",15,1059,7230.87932175,6.82802579957507,79.79655185,482.05862145,12.02413795,3.65930598791908,0.59310345,3917,NA
277,"Jeffrey Rhode",2,1,4.87931035,2.439655175,4.87931035,0,0,0,0,NA,0,0,"QB",66.278125,2,0.9921875,0.331592689295039,3.96875,1.984375,4,0,0,0,0,45,"Hawaii",26,1929,12338.40076138,6.39626789081389,109.10431041,474.553875437692,13.74369613,12.1787930164655,0.484024785,3928,NA
731,"Jeremy Higgins",2,1,-3.18,-1.59,-3.18,0,0,0,0,NA,0,0,"QB",67.946,6,4.24,0.4140625,23.32,11.66,5.5,0,0.943396226415094,0,0,104,"Utah St.",12,852,4418.08,5.18553990610329,34.98,368.173333333333,4.24,7.54716981132075,0.56,3977,NA
671,"Jerry Babb",42,338,1373.54634221,32.7034843383333,4.0637465745858,17.68789829,0,0,0,NA,0,0,"QB",104.18849694025,1025,537.47351056,0.343988878484965,5754.25416829,137.006051625952,10.7061167764242,27.57626241,41.2593298416362,60.9378751862253,-322.517807543638,87,"La.-Lafayette",46,3199,15135.55371367,4.73133907898406,121.9482609,329.03377638413,18.60571342,27.9999362765676,0.42913808,4061,NA
434,"Jimmy Costello",6,11,19.28723046,3.21453841,1.75338458727273,0,0,0,0,NA,0,0,"QB",197.938614707,21,12.52470975,0.373596366483083,145.04731856,24.1745530933333,11.5808926079105,1.06296296,1.92805755922778,0.964028779613892,-5.78417267768335,35.5,"Missouri",26,1883,12133.31163038,6.44360681379713,100.9671639,466.665831937692,16.80221112,9.52397666379443,0.550138195,4104,NA
545,"Joe Flacco",2,6,0,0,0,0,0,0,0,NA,0,0,"QB",49.436111218,4,1.02777778,0.2044198898544,11.30555558,5.65277779,11,0,0,1.94594594173849,-13.6216215921695,91,"Pittsburgh",12,862,4413.27778732,5.11981181823666,40.08333342,367.773148943333,8.22222224,3.89189188347699,0.52777778,4153,61
509,"Joe Mauro",1,2,5.55813954,5.55813954,2.77906977,0,0,0,0,NA,0,0,"QB",0,0,0,NA,0,0,NA,0,0,0,0,56,"Northwestern",13,1034,4866.15116727,4.70614232811412,37.0542636,374.319320559231,7.41085272,5.39748953478055,0.42635659,4168,NA
257,"Joe Tereshinski",14,26,18.4289644,1.3163546,0.708806323076923,0,0,0,0,NA,0,0,"QB",64.575944137,106,60.76223785,0.364364490626797,847.47342764,60.53381626,13.9473702356405,4.22867134,3.74402938930453,6.57256581892843,-35.9375381760122,74.25,"Georgia",52,3435,20908.60113538,6.08692900593304,179.53459782,402.088483372692,43.2689866,11.1638082126814,0.58100619,4185,NA
157,"Joel Klatt",36,168,-156.48150456,-4.34670846,-0.931437527142857,3.21532091,0,0,0,NA,0,0,"QB",136.477337860667,1124,742.84226032,0.397913779920896,8298.36527788,230.510146607778,11.1711001394902,49.5000461,30.696337945779,60.4621651513278,-409.094858379017,98.6666666666667,"Colorado",38,2634,14228.4823096,5.40185357236143,119.42808853,374.433744989474,21.53004374,16.7227039028259,0.576359176666667,4199,NA
497,"Joey Byerly",4,7,6.54347827,1.6358695675,0.93478261,0,0,0,0,NA,0,0,"QB",86.747826208,12,4.67391305,0.280312907713046,68.23913053,17.0597826325,14.6,0,0,0,0,102,"North Texas",12,741,3858.78261408,5.20753389214575,35.52173918,321.56521784,6.54347827,5.34883720183883,0.43478261,4207,NA
559,"Joey Elliott",22,99,297.33263308,13.5151196854545,3.00335993010101,5.09250293,0,0,0,NA,0,0,"QB",122.126017437,482,296.24660038,0.380659035626175,3350.74341682,152.306518946364,11.3106560970555,24.13659241,14.8997510368677,18.9277567274004,-112.570342641908,50.25,"Purdue",51,3679,21340.78633136,5.80070299846698,188.87981195,418.44679081098,25.74901127,25.1351760723633,0.5334188975,4209,NA
522,"Joey Halzle",14,5,-32.9347683,-2.35248345,-6.58695366,0,0,0,0,NA,0,0,"QB",140.818667075333,83,58.650719,0.41405168582307,700.38136545,50.0272403892857,11.941564867261,4.37491764,1.79742238442733,3.59484476885466,-23.6308073781962,44,"Oklahoma",42,2978,20971.30177771,7.04207581521491,254.27457275,499.316708993095,37.10201191,7.41267146970596,0.589298166666667,4210,NA
235,"John Brantley",38,99,-241.82006987,-6.36368604921053,-2.44262696838384,0,0,0,0,NA,0,0,"QB",168.81402201775,645,427.98988632,0.398875974300059,5101.5825337,134.252171939474,11.919867026684,32.47953555,16.7842030732198,33.5735307006175,-243.510576956338,53.75,"Florida",54,3467,23609.47163292,6.80976972394577,258.09827007,437.212437646667,45.18743615,12.1018354029465,0.5945129025,4222,NA
671,"John Hundley",2,2,-2.78925621,-1.394628105,-1.394628105,0,0,0,0,NA,0,0,"QB",0,1,0,0,0,0,NA,0,0,1.07555555106212,-7.52888885743486,102,"La.-Lafayette",12,754,3543.28513877,4.69931716017241,28.82231417,295.273761564167,5.57851242,6.45333330637274,0.42975207,4248,NA
796,"John Stocco",39,192,-142.88726722,-3.6637760825641,-0.744204516770833,6.89694565,0,0,0,NA,0,0,"QB",131.1626313925,934,529.49023801,0.361799637782334,7176.60354254,184.015475449744,13.5537976479265,46.73290776,22.1893994937887,82.4823503781332,-503.253220955756,70.5,"Wisconsin",51,3538,19141.4239625,5.41023854225551,181.77965615,375.322038480392,37.92605333,12.8468102448607,0.5012002725,4273,NA
5,"Jonathan Gill",2,1,-9.87864075,-4.939320375,-9.87864075,0,0,0,0,NA,0,0,"QB",0,1,0,0,0,0,NA,0,0,1.11351351652301,-12.2486486817531,110,"Akron",12,923,5067.74270475,5.49051213949079,49.39320375,422.3118920625,6.28640775,5.56756758261505,0.39805825,4345,NA
392,"Jordan Steffy",15,81,-51.45960216,-3.430640144,-0.63530373037037,1.06296296,0,0,0,NA,0,0,"QB",60.93056045675,159,96.87557514,0.378604230149734,981.49395305,65.4329302033333,10.1314903331577,2.12592592,7.64841449722783,29.695831455781,-227.112917412616,79.5,"Maryland",50,3252,16982.94167664,5.22230678863469,129.06068821,339.6588335328,29.0860682,21.1878449784943,0.5377862775,4409,NA
732,"Jordan Wynn",22,56,-110.66005567,-5.03000253045454,-1.97607242267857,0,0,0,0,NA,0,0,"QB",128.93205919725,632,374.27971133,0.371944010314304,4556.72778034,207.123990015455,12.1746587976882,32.42843952,17.2645435334221,21.4572771476125,-163.617452823351,40,"Utah",51,3319,17691.04265132,5.33023279642061,179.45490401,346.883189241569,32.31374323,18.3831862783264,0.479400055,4418,NA
719,"Joseph Calcagni",2,3,10.64893621,5.324468105,3.54964540333333,0,0,0,0,NA,0,0,"QB",170.189362338,4,2.90425533,0.420647150371248,46.46808528,23.23404264,16,0,0,0,0,42,"Tulsa",14,1160,6195.744704,5.34115922758621,62.92553215,442.553193142857,10.64893621,3.09890108732279,0.46808511,4425,NA
301,"Juice Williams",48,637,2738.84589128,57.0592894016667,4.29960108521193,19.35601472,0,0,0,NA,0,0,"QB",127.8391498035,1136,648.01929041,0.363235584891615,8582.81245199,178.808592749792,13.2446866613487,59.83823872,41.1093073261612,81.7647044920347,-517.00933799475,54.5,"Illinois",49,3365,21034.51424347,6.2509700574948,163.81596201,429.275800887143,20.51496994,28.2418542285508,0.5684595325,4538,NA
716,"Julian Foster",8,56,28.46290984,3.55786373,0.508266247142857,0.91353383,0,0,0,NA,0,0,"QB",138.7466917575,118,60.09859705,0.337445651147537,732.65692649,91.58211581125,12.1909156361912,5.32075033,4.53801169059882,18.1121940510027,-119.779077264157,54,"Troy",24,1572,6563.59338777,4.17531385990458,52.34315154,273.48305782375,10.83404384,13.4147715148334,0.397488565,4542,NA
418,"Justin Feagin",3,11,53.38931312,17.7964377066667,4.85357392,0,0,0,0,NA,0,0,"QB",0,0,0,NA,0,0,NA,0,0,0.973977692560357,-3.89591077024143,12,"Michigan",12,791,3582.21756684,4.52872005921618,31.82824436,298.51813057,3.08015268,8.76579923304321,0.52671756,4588,NA
694,"Justin Worley",7,7,-24.27272738,-3.46753248285714,-3.46753248285714,0,0,0,0,NA,0,0,"QB",112.12581278,110,68.83367787,0.384903328555584,808.21336338,115.459051911429,11.7415397286543,1.10330579,4.60886489705808,2.7191011115785,-20.8464418554352,19,"Tennessee",24,1682,10448.53836131,6.21197286641498,93.46914597,435.355765054583,10.8081956,12.9587425095283,0.58081956,4649,NA
756,"Keith Price",31,141,-46.13116906,-1.48810222774194,-0.32717141177305,5.31060606,0,0,0,NA,0,0,"QB",138.212777888667,831,557.84329048,0.401660355998266,6331.31840102,204.236077452258,11.3496361954487,57.30367964,22.5305501901245,63.8147433315566,-384.479409435422,88.6666666666667,"Washington",39,2619,15560.70824202,5.94146935548683,141.12878798,398.992519026154,22.30151518,16.9509821700881,0.561976913333333,4732,NA
71,"Kellen Pagel",1,0,0,0,NA,0,0,0,0,NA,0,0,"QB",54.30303032,3,1.93939394,0.392638036884339,19.3939394,19.3939394,10,0,1.03124999967773,0,0,19,"Bowling Green",12,820,3425.93939501,4.17797487196341,33.93939395,285.494949584167,0.96969697,10.3124999967773,0.46969697,4747,NA
47,"Kelly Page",21,104,316.96139136,15.0933995885714,3.04770568615385,2.9100686,0,0,0,NA,0,0,"QB",118.36670967475,314,154.89247507,0.330336875307876,1604.83949245,76.4209282119048,10.3609906919283,13.03131931,11.9298485714514,23.6444644467924,-198.142934605421,38.5,"Ball St.",49,3398,16871.7981768,4.96521429570336,139.27896613,344.322411771429,20.23276576,30.2838021731362,0.4420014475,4752,NA
626,"Kelsey Sokoloski",5,5,19.04850724,3.809701448,3.809701448,0,0,0,0,NA,0,0,"QB",74.75203263,15,10.5284553,0.412420382521147,125.28861807,25.057723614,11.9,1.05284553,0.949806948413411,0,0,106,"San Diego St.",24,1590,8522.56104839,5.3601012882956,70.13418054,355.106710349583,6.21978548,17.5566145897897,0.528523605,4754,NA
129,"Kent Smith",22,269,763.96181939,34.725537245,2.8400067635316,15.99090911,0,0,0,NA,0,0,"QB",119.659454717,751,425.34000069,0.361579135658492,4847.24728026,220.32942183,11.3961707631463,30.51636368,14.9316170400046,44.1432018739561,-287.904263505564,52,"Central Mich.",22,1683,8562.55273984,5.08767245385621,63.82000009,389.20694272,9.68363638,12.8218020787917,0.453636365,4849,NA
545,"Kevan Smith",6,22,-37.62777898,-6.27129649666667,-1.71035359,0,0,0,0,NA,0,0,"QB",79.745098808,67,39.74477874,0.372334639774813,449.97091775,74.9951529583333,11.3215101961843,1.07377049,3.7251908459507,11.1625138166101,-68.8768544863619,53.5,"Pittsburgh",25,1684,8965.24703586,5.32378090015439,79.02661139,358.6098814344,15.17022235,10.1920399413963,0.581405795,4875,NA
539,"Kevin Newsome",16,38,221.89114068,13.8681962925,5.83924054421053,3.13565891,0,0,0,NA,0,0,"QB",76.967570976,25,14.70542634,0.370363139135607,152.13953478,9.50872092375,10.3458091769953,0,0,1.94716981690509,-20.4452830775035,49.3333333333333,"Penn St.",37,2426,14157.79923003,5.83586118302968,120.81539318,382.643222433243,22.81107419,14.5970061521997,0.531413806666667,4918,NA
107,"Kevin Riley",35,148,-91.59350847,-2.61695738485714,-0.61887505722973,5.15606217,0,0,0,NA,0,0,"QB",144.79308652875,844,478.75048857,0.361935597610376,6321.6912054,180.619748725714,13.2045634549273,51.28542186,20.4889969324743,64.6404311788602,-388.534182885665,76.5,"California",51,3340,19801.37093064,5.9285541708503,196.44558561,388.262175110588,29.77441512,21.3152703715653,0.5296618,4929,NA
29,"Kris Heavner",20,64,-69.82711388,-3.491355694,-1.091048654375,0,0,0,0,NA,0,0,"QB",118.9659234205,416,257.90839181,0.382705416558626,2821.2956461,141.064782305,10.9391386077055,13.39008796,18.9082066134603,17.8472924159223,-118.452385672339,32.75,"Arizona",47,3059,16082.96680346,5.25758967095783,117.18702877,342.19078305234,17.69710327,27.9373863095164,0.609232805,5005,NA
574,"Kyle Herm",9,100,548.22307647,60.9136751633333,5.4822307647,4.65384615,0,0,0,NA,0,0,"QB",144.548461419,46,22.33846152,0.326879783699292,445.83846117,49.5376067966667,19.9583333333333,3.72307692,3.22314049853152,7.52066116324022,-48.3471074779728,56,"Rice",12,815,4434.18461172,5.44071731499387,42.81538458,369.51538431,4.65384615,7.52066116324022,0.43076923,5035,NA
204,"Kyle McMahon",17,78,235.01452148,13.8243836164706,3.01300668564103,1.88888888,0,0,0,NA,0,0,"QB",102.474350401333,278,143.22344808,0.340017747665364,1664.6555323,97.9209136647059,11.6227863147812,8.4862312,17.9229846989994,14.8091245487983,-92.9696694381057,58.3333333333333,"Eastern Mich.",36,2484,11857.792667,4.77366854549114,98.52121228,329.383129638889,6.7531876,30.6265135590734,0.451190183333333,5052,NA
663,"Kyle Padron",24,162,111.28519141,4.63688297541667,0.686945625987654,6.96829576,0,0,0,NA,0,0,"QB",124.323056094667,729,443.96453884,0.378497835304601,5871.47993784,244.64499741,13.2251101702427,40.87742647,21.0460005024571,56.4028397208324,-308.387324448333,63.6666666666667,"SMU",40,2601,15853.9449083,6.09532676212995,142.03745956,396.3486227075,22.84377131,17.0917025422419,0.493626636666667,5057,NA
5,"Kyle Pohl",5,11,25.68292688,5.136585376,2.33481153454545,0,0,0,0,NA,0,0,"QB",138.391463688,58,37.53658544,0.392902732153581,361.53658608,72.307317216,9.63157894736842,4.9390244,2.0246913540253,3.03703703103795,-23.283950571291,61,"Akron",12,948,5063.48781488,5.34123187223629,40.50000008,421.957317906667,0.98780488,11.1358024471392,0.48780488,5059,NA
630,"Kyle Reed",18,115,125.4133224,6.9674068,1.09055062956522,4.78006612,0,0,0,NA,0,0,"QB",113.6671157685,342,205.41467786,0.375245104247158,1968.81183639,109.378435355,9.58457232414443,11.52614877,9.31476370134194,30.2630829879295,-217.958106735049,17.5,"San Jose St.",24,1523,6687.05210282,4.3907105074327,46.91444631,278.627170950833,7.68409918,16.1241022227427,0.483008265,5062,NA
519,"Kyle Snyder",3,13,74.6099288,24.8699762666667,5.73922529230769,0,0,0,0,NA,0,0,"QB",72.185106114,8,4.66312055,0.368244188435843,35.43971618,11.8132387266667,7.6,0,1.07224335000304,1.07224335000304,-9.65019015002732,37,"Ohio",14,1024,5866.2056519,5.72871645693359,46.6312055,419.014689421429,9.3262411,4.28897340001214,0.43262411,5064,NA
415,"Kyle Wright",34,207,-108.57309608,-3.19332635529412,-0.524507710531401,3.95347221,0,0,0,NA,0,0,"QB",119.67630742,807,484.39405618,0.375093917973309,5910.61179014,173.841523239412,12.2020733217743,38.45879628,30.8926979972732,81.5989241178273,-559.584306300034,74.25,"Miami (FL)",49,3150,17041.28652238,5.40993222932698,155.95233705,347.781357599592,31.20406957,18.6790722807555,0.5320060475,5069,NA
465,"Les Obie",1,3,8.19672128,8.19672128,2.73224042666667,0,0,0,0,NA,0,0,"QB",0,0,0,NA,0,0,NA,0,0,0,0,97,"UNLV",12,806,4318.6475244,5.35812347940447,39.95901624,359.8872937,5.1229508,6.83200002623488,0.52459016,5216,NA
295,"Logan Bushnell",8,22,-11.34070795,-1.41758849375,-0.515486725,0,0,0,0,NA,0,0,"QB",298.7625889055,108,57.64256414,0.347993672032756,705.65130499,88.20641312375,12.2418444688918,2.0619469,4.84978541396968,8.72961374514543,-60.1373391332241,15.5,"Idaho",24,1608,7295.50085747,4.53700302081468,47.75922725,303.979202394583,2.90902223,21.31887856285,0.48499892,5234,NA
742,"Logan Thomas",32,333,1068.49924156,33.39060129875,3.20870643111111,21.23527784,0,0,0,NA,0,0,"QB",117.027613080667,846,494.26045548,0.368779406613908,6465.15024044,202.03594501375,13.0804521558606,39.25928806,24.5630790383402,39.6643504653442,-250.233441628386,69.3333333333333,"Virginia Tech",41,2852,17214.7377144,6.03602304151473,152.89038106,419.871651570732,30.6111765,11.3854967501711,0.5550273,5241,NA
5,"Luke Getsy",25,114,-157.87123835,-6.314849534,-1.38483542412281,0.91269841,0,0,0,NA,0,0,"QB",109.926184132,905,437.87941085,0.326075005180723,5616.71627861,224.6686511444,12.8270846708846,37.64877977,25.0349229556228,55.4130436997408,-396.281348045219,92.5,"Akron",25,1712,8006.85616561,4.67690196589369,64.29447974,320.2742466244,11.01575452,14.1384292273288,0.41903577,5284,NA
366,"Luke McCown",12,71,-83.2592592,-6.9382716,-1.17266562253521,1.04074074,0,0,0,NA,0,0,"QB",133.318888794,432,256.02222204,0.37211330366756,3378.24444204,281.52037017,13.1951219512195,19.77407406,13.451957304948,28.8256227963172,-259.430605166855,39,"Louisiana Tech",12,842,5383.75184802,6.39400457009501,36.4259259,448.645987335,5.2037037,6.72597865247401,0.54074074,5290,6
433,"Maikhail Miller",2,6,24.4923665,12.24618325,4.08206108333333,0,0,0,0,NA,0,0,"QB",0,0,0,NA,0,0,NA,0,0,0,0,62,"Ole Miss",13,962,5866.4542195,6.09818525935551,54.3091605,451.265709192308,7.4541985,5.63440858195553,0.5648855,5322,NA
365,"Marcus Randall",19,88,280.18397023,14.7465247489474,3.18390875261364,3.20731707,0,0,0,NA,0,0,"QB",159.8709510225,202,135.90688838,0.402202183659432,1789.64782157,94.1919906089474,13.1681906848319,11.77059985,6.54298491973796,19.633498363059,-133.665782047723,49.5,"LSU",26,1819,11367.36225267,6.24923708228147,113.65397683,437.206240487308,23.58816737,3.73690126677377,0.571715005,5417,NA
746,"Marques Hagans",35,208,820.16521898,23.4332919708571,3.94310201432692,9.22697484,0,0,0,NA,0,0,"QB",149.606492759667,630,401.57272904,0.389282032895258,4828.1786216,137.947960617143,12.0231735684399,26.45000325,16.8138177614042,47.4046993725523,-265.510482726668,64,"Virginia",37,2552,14831.29821165,5.81163723027038,125.95643877,400.845897612162,23.53445672,13.7291320403805,0.522102363333333,5534,1
754,"Marshall Lobbestael",29,97,-359.11074683,-12.3831292010345,-3.70217264773196,1.99432497,0,0,0,NA,0,0,"QB",101.08915090125,603,331.18869533,0.354520127449207,3819.63854599,131.711673999655,11.5331187321598,25.56646635,20.0825221889634,60.2548692743376,-386.88331160078,51.5,"Washington St.",49,3222,15266.93351611,4.73834063193979,114.73577624,311.570071757347,9.0127295,39.5778980577619,0.50995439,5555,NA
731,"Matt Crivello",7,1,0,0,0,0,0,0,0,NA,0,0,"QB",19.96918905,17,5.65017564,0.249453943748756,44.36855967,6.33836566714286,7.85259830789968,0,2.1458894857697,0,0,57.5,"Utah St.",23,1546,6882.30270174,4.45168350694696,54.81703755,299.230552249565,5.59338408,18.2564015967475,0.43223068,5610,NA
630,"Matt Faulkner",20,38,-108.73079704,-5.436539852,-2.86133676421053,0,0,0,0,NA,0,0,"QB",116.4629138435,461,278.38969753,0.376512816529614,3161.08536228,158.054268114,11.3548934832237,13.21223151,14.857348331091,16.8506966498325,-140.165573203806,45.5,"San Jose St.",25,1630,8684.46448768,5.32789232373006,56.83236246,347.3785795072,5.74954495,18.5601798197528,0.509100835,5616,NA
366,"Matt Kubik",22,119,289.88660912,13.1766640509091,2.43602192537815,3.11008696,0,0,0,NA,0,0,"QB",124.685191528,554,292.67687016,0.345677176825076,4024.49948592,182.931794814545,13.7506577944471,27.58956528,16.7161945751291,44.8181395176481,-260.488056126664,75.5,"Louisiana Tech",23,1574,8714.42870968,5.5364858384244,78.87130448,378.888204768696,13.03460872,9.81375430457404,0.50904348,5639,NA
671,"Matt Lane",5,2,-7.69747896,-1.539495792,-3.84873948,0,0,0,0,NA,0,0,"QB",-46.029185233,10,4.81092435,0.324822694135225,33.67647045,6.73529409,7,0,1.13043478850662,1.0393013143098,-10.393013143098,88.5,"La.-Lafayette",23,1677,7594.4485749,4.52859187531306,57.40594673,330.1934163,7.387201,16.2274540340247,0.423400125,5640,NA
306,"Matt LoVecchio",22,190,97.45346863,4.42970311954545,0.512912992789474,3.8995147,0,0,0,NA,0,0,"QB",111.286454443,562,300.34513261,0.348288778184398,3628.18626766,164.917557620909,12.0800568204021,15.18555525,16.3547731972081,60.9608064868466,-431.128865045295,119.5,"Indiana",23,1649,7214.31401283,4.37496301566404,51.13231516,313.665826644783,4.83314302,18.409990229291,0.474878675,5647,NA
110,"Matt Moore",5,20,-82.66438395,-16.53287679,-4.1332191975,0,0,0,0,NA,0,0,"QB",92.359589475,103,53.0684934,0.340033354868024,566.40411225,113.28082245,10.6730769230769,2.0410959,5.87919460325211,13.7181207409216,-96.0268451864511,14,"UCLA",13,885,3912.7808403,4.42122128847458,29.59589055,300.983141561539,6.1232877,6.85906037046079,0.52054795,5660,15
29,"Matt Scott",33,212,1164.11114984,35.276095449697,5.49109032943396,8.51034482,0,0,0,NA,0,0,"QB",143.5208139515,675,453.44562747,0.401832056797132,5376.88270724,162.935839613333,11.857833401637,36.02934897,17.3232973486759,23.079355294791,-141.336408654284,62.25,"Arizona",52,3871,24128.10638327,6.23304220699303,229.38900328,464.002045832115,32.73024626,19.936606538085,0.5562008775,5681,NA
77,"Max Hall",39,189,198.8585918,5.09893825128205,1.05216186137566,6.83790238,0,0,0,NA,0,0,"QB",149.424503733,1382,890.07898135,0.391746496779413,11208.44224145,287.395954908974,12.5926378178821,92.49741782,40.620604975171,62.8913445101179,-376.285138252378,34.3333333333333,"BYU",39,2802,16857.42487757,6.01621159085296,170.44464073,432.241663527436,31.58270699,7.12104457551289,0.486313813333333,5733,1
334,"Maxwell Smith",11,28,-136.97394928,-12.4521772072727,-4.89192676,0,0,0,0,NA,0,0,"QB",127.3906334235,303,199.21715635,0.396675330245316,1909.94852451,173.631684046364,9.58726928696069,12.9170868,7.55923004399248,20.3121081160457,-122.348423201208,19.5,"Kentucky",24,1554,7345.78989708,4.72702052579151,52.20231079,306.074579045,7.27969186,15.9354195024207,0.560469185,5744,NA
700,"Michael Brewer",9,9,19.9236642,2.21374046666667,2.21374046666667,0,0,0,0,NA,0,0,"QB",163.37404644,48,33.87022914,0.413706294654204,373.56870375,41.50763375,11.0294117647059,3.98473284,0,2.007662827403,-16.061302619224,26,"Texas Tech",13,993,6421.39697166,6.46666361697885,61.76335902,493.953613204615,7.96946568,5.01915706850751,0.49618321,5780,NA
430,"Michael Henig",22,58,-79.82875298,-3.62857968090909,-1.37635781,1.07037037,0,0,0,NA,0,0,"QB",67.47338291525,386,179.1790085,0.317030543960834,2395.98573225,108.908442375,13.3720224947556,10.55168626,22.8096791895149,29.9014035394899,-227.84549523571,12.5,"Mississippi St.",47,3013,14151.63193899,4.69685759674411,110.25510692,301.098551893404,17.7422423,29.1687524907645,0.5325325375,5820,NA
366,"Michael Mosley",17,30,56.70278625,3.33545801470588,1.890092875,0,0,0,0,NA,0,0,"QB",101.052996077,69,32.31335679,0.318944686207352,413.71163031,24.3359782535294,12.8031152256528,2.9661654,1.01140684872125,8.16535739761422,-58.1318573280987,92,"Louisiana Tech",25,1738,8444.85888081,4.85895217537975,60.21760261,337.7943552324,7.73507295,17.453275555716,0.471251655,5844,NA
66,"Michael Sanford",12,6,-12.52561151,-1.04380095916667,-2.08760191833333,0,0,0,0,NA,0,0,"QB",124.5172230165,34,16.93942446,0.33254055458168,279.40964028,23.28413669,16.4946359859974,0.95323741,0.980392156862745,0,0,71.5,"Boise St.",26,2012,12520.83352469,6.22307829258946,148.87928057,481.570520180385,23.61208633,2.0294487607155,0.486618705,5856,NA
147,"Michael Wade",1,0,0,0,NA,0,0,0,0,NA,0,0,"QB",0,0,0,NA,0,0,NA,0,0,0,0,93,"Clemson",14,886,5383.21942884,6.07586842984199,57.30215832,384.515673488571,9.55035972,4.71186440294628,0.56115108,5868,NA
414,"Mike Kokal",25,191,329.95064569,13.1980258276,1.72749029157068,2.76315789,0,0,0,NA,0,0,"QB",84.752138315,481,255.26834096,0.346705578331893,2915.22783985,116.609113594,11.4202483115868,13.80033123,19.6457958232881,82.792267083978,-372.13228319345,73,"Miami (OH)",49,3508,16931.48650056,4.8265354904675,138.64930021,345.540540827755,21.09394081,28.3531074692493,0.416213525,5925,NA
690,"Mike McGann",20,104,13.75819958,0.687909979000001,0.132290380576923,2.01612904,0,0,0,NA,0,0,"QB",141.480361722333,497,266.19029601,0.34878626916728,3215.91267847,160.7956339235,12.0812543758139,9.43319171,17.7332499329646,31.0385167036267,-202.169366982638,60.6666666666667,"Temple",34,2376,11861.35368625,4.99215222485269,77.06249134,348.863343713235,3.17311306,29.1946512801738,0.564679023333333,5935,NA
193,"Mike Schneider",29,179,115.10905518,3.96927776482759,0.643067347374302,3.17633193,0,0,0,NA,0,0,"QB",98.599066787,547,304.92992106,0.357928408806907,3277.11752319,113.004052523793,10.7471169500128,12.70532772,17.9387995075586,67.0928025068604,-442.043661173314,48.6666666666667,"Duke",34,2325,10337.50835193,4.44624015136774,71.96788731,304.044363292059,7.38400389,25.4834819281779,0.5589301,5950,NA
463,"Mike Stuntz",1,1,4.17857144,4.17857144,4.17857144,0,0,0,0,NA,0,0,"QB",0,0,0,NA,0,0,NA,0,0,0,0,117,"Nebraska",12,864,4015.60715384,4.64769346509259,35.51785724,334.633929486667,8.35714288,3.82905981858719,0.54464286,5957,NA
587,"Mike Teel",47,56,-214.69389251,-4.56795515978723,-3.83381950910714,2.07575758,0,0,0,NA,0,0,"QB",129.74028885325,1142,681.6771613,0.373792673267932,9674.25685344,205.835252200851,14.1918453524108,61.01838385,48.0999469173916,35.2223918168848,-257.620948960415,55,"Rutgers",51,3359,20604.87628102,6.13422931855314,189.51376117,404.017181980784,34.7272603,16.8736784400716,0.5159742625,5958,NA
657,"Mitch Mustain",14,10,-6.32157288,-0.45154092,-0.632157288,1.00359712,0,0,0,NA,0,0,"QB",136.315984873,89,52.59953671,0.371466870105129,512.70385249,36.6217037492857,9.74730738251021,3.0857889,2.91746840523226,2.95335786195864,-14.8744576799723,26.5,"Southern California",26,1821,11783.09405187,6.47067218663921,121.9029761,453.195925071923,20.52192764,5.94260518064365,0.522346505,5995,NA
334,"Morgan Newton",27,169,501.27629852,18.5657888340741,2.96613194390533,5.16384645,0,0,0,NA,0,0,"QB",89.48069295175,384,195.31894587,0.3371526984616,1855.56322358,68.7245638362963,9.50017017199664,15.30008277,12.5748538762242,31.6470457518776,-192.598950424803,48.5,"Kentucky",50,3341,17072.4111183,5.10997040356181,147.8614018,341.448222366,20.15847976,29.1214578026075,0.524552775,6028,NA
47,"Nate Davis",39,173,466.43941971,11.9599851207692,2.69618161682081,9.3815614,0,0,0,NA,0,0,"QB",139.048164091667,1124,638.25272544,0.362180018919046,8689.61361558,222.810605527692,13.6146909667946,69.72055888,23.363978160847,56.120161044581,-368.559256958127,48,"Ball St.",39,2615,15106.52517135,5.77687387049713,143.89835454,387.346799265385,22.51455261,15.8228583145,0.442641726666667,6055,NA
513,"Nate Montana",2,9,24.94366204,12.47183102,2.77151800444444,0,0,0,0,NA,0,0,"QB",105.44366226,18,10.20422538,0.36179775344002,131.52112712,65.76056356,12.8888888888889,0,0.881987575229351,0,0,79,"Notre Dame",13,895,5596.45071952,6.2530175637095,46.48591562,430.496209193846,9.07042256,4.40993787614675,0.63380282,6061,NA
756,"Nick Montana",6,10,-27.3787878,-4.5631313,-2.73787878,0,0,0,0,NA,0,0,"QB",122.57272692,42,25.2727272,0.37567567500073,237.9848478,39.6641413,9.41666666666667,3.1590909,1.89928058100512,6.64748203351793,-42.7338130726153,53,"Washington",13,858,5610.5454384,6.53909724755245,60.0227271,431.580418338462,7.3712121,5.69784174301537,0.5530303,6136,NA
71,"Omar Jacobs",24,153,448.29087206,18.6787863358333,2.93000569973856,7.03651196,0,0,0,NA,0,0,"QB",181.536280002,811,505.28560053,0.383872314888614,6714.85378412,279.785574338333,13.2892245040759,67.85001507,11.5393795605028,22.8595367331666,-153.43133758753,39.3333333333333,"Bowling Green",37,2844,18004.91494292,6.33084210369902,182.37986601,486.619322781622,26.52660021,11.1126807108297,0.505589216666667,6197,NA
110,"Osaar Rasshan",4,30,118.7054799,29.676369975,3.95684933,0,0,0,0,NA,0,0,"QB",84.07397292,45,18.5136987,0.29149142750208,282.0616449,70.515411225,15.2352941176471,0,1.83647798049128,5.50943394147383,-24.7924527366323,120,"UCLA",13,916,4723.1712507,5.15630049203057,33.7602741,363.320865438462,6.5342466,6.42767293171947,0.5890411,6212,NA
651,"Pat Julmiste",36,307,838.9089109,23.3030253027778,2.73260231563518,14.49062952,0,0,0,NA,0,0,"QB",107.055152995,591,300.01619853,0.336712395380653,3773.57943315,104.821650920833,12.5779189645077,17.4818143,22.1718216944839,45.4357999388441,-278.939433377828,65.25,"South Fla.",47,3244,16391.57267339,5.05288923347411,145.84510117,348.756865391277,26.21835695,20.6199488675203,0.513005655,6240,NA
196,"Patrick Pinkney",41,217,437.75536391,10.6769600953659,2.01730582447005,5.01638787,0,0,0,NA,0,0,"QB",127.402691513667,1003,600.51814371,0.374500373485394,6947.64619677,169.454785287073,11.5694192915595,38.86792187,23.0313201975376,44.3969909696662,-275.798367101172,89,"East Carolina",41,2796,14898.46755642,5.32849340358369,134.70055327,363.377257473659,25.89042355,15.0644028196688,0.49607295,6268,NA
231,"Paul McCall",32,184,132.49815495,4.1405673421875,0.720098668206522,2.92915076,0,0,0,NA,0,0,"QB",107.4494719795,768,402.07251533,0.343630424663553,4976.14193557,155.504435486562,12.3762300228003,32.60254017,19.964155427115,58.4982929780038,-350.200036005939,40.5,"FIU",48,3111,13039.83434044,4.19152502103504,104.96581291,271.663215425833,8.53529811,41.0752447811929,0.4506954925,6290,NA
719,"Paul Smith",46,328,661.61602266,14.3829570143478,2.01712202030488,27.55947062,0,0,0,NA,0,0,"QB",143.212063418,1292,795.9150768,0.381200885823308,10736.48288052,233.401801750435,13.4894829781166,81.25724626,35.647477756383,72.3299755748059,-439.456530937434,40.25,"Tulsa",53,3754,22527.29321372,6.00087725458711,229.6199825,425.043268183396,34.40396774,18.274003308375,0.48412954,6298,1
392,"Perry Hills",7,70,-13.3965517,-1.9137931,-0.19137931,2.87068965,0,0,0,NA,0,0,"QB",125.449137705,169,92.81896535,0.354515820601153,1278.4137908,182.630541542857,13.7731958762887,7.6551724,7.31531532849606,25.0810811262722,-174.522522836978,25,"Maryland",12,776,3269.71551135,4.21355091668814,28.7068965,272.4762926125,3.8275862,8.36036037542407,0.45689655,6311,NA
490,"Philip Rivers",13,78,118.28518571,9.09886043923077,1.51647673987179,3.25555557,0,0,0,NA,0,0,"QB",185.024074895,483,377.64444612,0.438792637101785,4873.56668829,374.889745253077,12.9051724137931,36.89629646,6.45051191677247,15.6655289407331,-82.01365151325,26,"North Carolina St.",13,888,6392.82595429,7.19912832690315,70.53703735,491.755842637692,8.68148152,4.60750851198034,0.58518519,6335,48
30,"Phillip Butterfield",12,27,142.48496202,11.873746835,5.27722081555556,0.94360902,0,0,0,NA,0,0,"QB",43.783458528,27,12.26691726,0.312398276105467,110.40225534,9.200187945,9,0.94360902,1.05976095904636,0,0,46.5,"Arkansas St.",25,1808,10956.74609592,6.0601471769469,105.42538134,438.2698438368,14.30473908,11.3270085438786,0.49831966,6337,NA
8,"Phillip Ely",3,1,-2.17142858,-0.723809526666667,-2.17142858,0,0,0,0,NA,0,0,"QB",266.760001053,4,3.25714287,0.448818898614297,45.60000018,15.20000006,14,1.08571429,0,0,0,46,"Alabama",14,898,6771.60002673,7.5407572680735,77.08571459,483.685716195,14.11428577,0.921052627943213,0.58571429,6339,NA
328,"Quinn Mecham",10,29,-66.5983604,-6.65983604,-2.2964951862069,0,0,0,0,NA,0,0,"QB",140.4408014705,120,74.89682519,0.384289611269886,694.97215533,69.497215533,9.2790602748111,6.3523289,4.8800000187392,11.7120000449741,-68.3200002623488,13,"Kansas",24,1667,8064.49895698,4.83773182782244,67.21077284,336.020789874167,5.32773874,17.657239446605,0.575787145,6396,NA
688,"R.J. Anderson",12,99,262,21.8333333333333,2.64646464646465,5,0,0,0,NA,0,0,"QB",124.1,310,186,0.375,2164,180.333333333333,11.6344086021505,10,8,15,-124,89,"Syracuse",12,820,4437,5.4109756097561,41,369.75,6,6,0.5,6416,NA
301,"Reilly O'Toole",15,59,126.97676797,8.46511786466667,2.15214860966102,2.0909091,0,0,0,NA,0,0,"QB",118.32373765,154,108.39899015,0.413107497433713,862.6363659,57.50909106,7.95797419059259,7.28383841,7.78213090027784,14.3803152797008,-76.5542280528577,64,"Illinois",25,1709,8397.19597064,4.91351431868929,64.55858593,335.8878388256,9.16868687,15.4992832903033,0.52828283,6546,NA
663,"Richard Bartel",6,17,-98.30152644,-16.38358774,-5.78244273176471,0,0,0,0,NA,0,0,"QB",83.896946328,151,66.18320592,0.304734455132681,775.70610468,129.28435078,11.7205882352941,3.89312976,9.24705884963875,12.3294117995183,-102.745098329319,21,"Southern Methodist",12,794,3044.42747232,3.83429152685139,14.5992366,253.70228936,0,12.3294117995183,0.47328244,6577,0
503,"Ryan Gilbert",4,5,-12.8571429,-3.214285725,-2.57142858,0.85714286,0,0,0,NA,0,0,"QB",98.742857472,13,6.85714288,0.345323741760778,71.14285738,17.785714345,10.375,0,0,1.16666666277778,-11.6666666277778,78,"Northern Ill.",12,858,3897.42858442,4.54245755759907,39.42857156,324.785715368333,8.5714286,2.33333332555556,0.35714286,6875,NA
574,"Ryan Lewis",5,22,-18.42424243,-3.684848486,-0.837465565,0,0,0,0,NA,0,0,"QB",58.860606079,70,26.18181819,0.272211720288753,232.7272728,46.54545456,8.88888888888889,0.96969697,4.12499999871094,9.28124999709961,-49.4999999845313,15,"Rice",12,859,3544.24242535,4.12600980832363,27.15151516,295.353535445833,1.93939394,10.3124999967773,0.46969697,6896,NA
626,"Ryan Lindley",50,91,-325.41789915,-6.508357983,-3.57602086978022,2.00013664,0,0,0,NA,0,0,"QB",127.153074462,1732,949.09583753,0.353995491039354,12514.04451168,250.2808902336,13.1852274731786,88.69782634,47.598027600342,49.509890331675,-388.393356818165,75.5,"San Diego St.",50,3349,19057.61764397,5.69053975633622,173.21527068,381.1523528794,22.56780109,27.2189201687898,0.4875958375,6897,NA
503,"Ryan Morris",12,18,-90.38266456,-7.53188871333333,-5.02125914222222,0,0,0,0,NA,0,0,"QB",68.9763752573333,131,60.00469346,0.31415297903434,656.96114566,54.7467621383333,10.9484959888669,3.52542372,5.67307693725962,14.6162932903583,-110.393902782842,107,"Northern Ill.",38,2424,11856.20709526,4.89117454424917,101.36340344,312.005449875263,13.92472007,25.2076851458434,0.418349803333333,6910,NA
365,"Ryan Perrilloux",14,55,239.93887133,17.1384908092857,4.36252493327273,2.18181818,0,0,0,NA,0,0,"QB",120.764576802,79,56.72257049,0.41793026970543,767.95297746,54.8537841042857,13.5387548699928,8.72727272,1.83333333486111,3.66666666972222,-30.2500000252083,26.5,"LSU",27,1872,12606.11756798,6.73403716238248,136.08620704,466.893243258519,25.03918498,3.67460317028565,0.588557995,6918,NA
51,"Ryan Roberts",2,3,-9.50806449,-4.754032245,-3.16935483,0,0,0,0,NA,0,0,"QB",80.818548165,7,3.16935483,0.311657414160658,29.58064508,14.79032254,9.33333333333333,0,0,0.94656488809743,-6.62595421668201,105,"Baylor",12,859,4452.94353615,5.183869075844,30.63709669,371.0786280125,3.16935483,8.51908399287687,0.55645161,6923,NA
31,"Ryan Sorahan",11,13,-52.739726,-4.79452054545454,-4.056902,0,0,0,0,NA,0,0,"QB",122.145205416,72,36.9178082,0.338951075220039,574.8630134,52.2602739454545,15.5714285714286,2.10958904,1.89610389708889,4.74025974272221,-38.8701298903221,38,"Arkansas",13,930,5914.23287364,6.35939018670968,59.06849312,454.94099028,9.49315068,3.79220779417777,0.55479452,6935,NA
700,"Scotty Young",1,0,0,0,NA,0,0,0,0,NA,0,0,"QB",-208.148148,1,0,0,0,0,NA,0,0.960854093210572,0,0,28,"Texas Tech",13,1054,6226.75184742,5.90773420058824,59.32222218,478.98091134,8.32592592,4.80427046605286,0.54074074,7036,NA
96,"Sean Norton",3,17,23.54198472,7.84732824,1.38482263058824,0,0,0,0,NA,0,0,"QB",134.777862522,54,31.38931296,0.367602359966336,400.21374024,133.40458008,12.75,2.94274809,1.01945525347363,6.1167315208418,-31.6031128576826,81,"Fresno St.",12,752,3980.55724974,5.29329421507979,34.33206105,331.713104145,3.92366412,8.15564202778907,0.48091603,7050,NA
193,"Sean Renfree",41,153,-292.76826738,-7.14068944829268,-1.91351808745098,9.20774689,0,0,0,NA,0,0,"QB",132.75414868075,1389,924.24316921,0.399544320074936,9743.29370873,237.641309969024,10.5419158434875,52.43596915,39.0243460776092,60.3989307412425,-440.435308964772,83.25,"Duke",49,3560,18976.83162703,5.33057068175,156.5123403,387.282278102653,17.2206581,30.6591496805097,0.5118661125,7052,NA
433,"Seth Adams",17,56,-49.81300825,-2.93017695588235,-0.889518004464286,1.1097561,0,0,0,NA,0,0,"QB",116.621545,328,198.65040695,0.37719596211925,2381.12195655,140.065997444118,11.9864942292785,13.3170732,14.4175823858954,23.6529695444967,-137.244024145825,63.5,"Mississippi",24,1472,7874.99188895,5.3498586202106,55.23170745,328.124662039583,7.5081301,15.7674776198471,0.577235775,7070,NA
648,"Seth Strickland",6,2,5.26033591,0.876722651666667,2.630167955,0,0,0,0,NA,0,0,"QB",321.8337864075,8,6.56169252,0.450613313733121,120.584787,20.0974645,18.3770858863713,2.19945091,0,0.89440993433278,-3.57763973733112,82.5,"South Carolina",27,1767,11441.61776269,6.47516568346916,119.8884047,423.76362084037,21.95784889,6.32151203526663,0.599725455,7079,NA
703,"Sherrod Harris",2,3,-6.05672966,-3.02836483,-2.01890988666667,0,0,0,0,NA,0,0,"QB",0,0,0,NA,0,0,NA,0,0,0,0,34.5,"Texas",27,2028,12618.83344706,6.22230446107495,137.83559474,467.364201742963,24.42769738,3.81573859642157,0.559288095,7156,NA
664,"Stephen Reaves",14,16,-56.24197798,-4.01728414142857,-3.51512362375,0.96616541,0,0,0,NA,0,0,"QB",111.520978104,223,129.0462772,0.366560550579798,1402.53059963,100.180757116429,10.8684313105469,4.91258073,9.27316266878779,9.31517513134733,-62.1011675423156,83.5,"Southern Miss.",27,1834,9562.23479581,5.21386848190294,87.78730245,354.156844289259,15.82653812,11.1751517366268,0.48660383,7243,NA
539,"Steven Bench",2,3,18.28125,9.140625,6.09375,0,0,0,0,NA,0,0,"QB",38.1875,8,2.03125,0.202492211838006,12.1875,6.09375,6,0,0,0.984615384615385,-1.96923076923077,70,"Penn St.",12,931,5088.28125,5.46539339419979,44.6875,424.0234375,8.125,3.93846153846154,0.515625,7280,NA
28,"Steven Threet",11,59,-147.636363,-13.4214875454545,-2.50231123728814,2.1090909,0,0,0,NA,0,0,"QB",140.67636303,336,219.3454536,0.394971188074205,2672.2181703,242.928924572727,12.1826923076923,18.9818181,15.1724138585018,21.8103449215963,-137.500000592672,43,"Arizona St.",12,877,5386.6181586,6.14209596191562,50.6181816,448.88484655,6.3272727,5.68965519693817,0.55454545,7300,NA
295,"Steven Wichman",23,98,-135.99289054,-5.91273437130435,-1.38768255653061,0.97540984,0,0,0,NA,0,0,"QB",100.685024672,720,342.18852444,0.322154228337579,4425.66893876,192.420388641739,12.9334230187956,20.48026982,35.6513705226958,59.3932861740768,-382.707202756824,110.5,"Idaho",23,1518,6751.6809104,4.44774763530962,46.22842014,293.551343930435,5.59190484,18.8508953412462,0.41027129,7302,NA
811,"Stinson Dean",1,1,4.84615385,4.84615385,4.84615385,0,0,0,0,NA,0,0,"QB",0,0,0,NA,0,0,NA,0,0,0,0,112,"Wyoming",12,787,3621.04615672,4.60107516736976,31.01538464,301.753846393333,5.81538462,6.19047618556311,0.46923077,7306,NA
457,"T.J. Yates",45,220,-533.95795531,-11.8657323402222,-2.42708161504545,7.1842794,0,0,0,NA,0,0,"QB",139.65552659875,1277,822.3430557,0.391714471566344,9677.94684742,215.065485498222,11.768746364839,60.09646821,44.406022213185,106.828341483781,-681.180317806478,50,"North Carolina",51,3251,17798.36689691,5.47473604949554,154.0459733,348.987586213922,29.23940816,22.2529361265474,0.539239635,7341,3
47,"Tanner Justice",13,40,40.64294309,3.12638023769231,1.01607357725,0.95185185,0,0,0,NA,0,0,"QB",130.456655750667,111,52.77824686,0.32225431564862,610.85237806,46.9886444661539,11.5739421902427,1.8852459,5.30434783069943,11.6695652275388,-88.0521739896106,31.3333333333333,"Ball St.",39,2626,14419.16531955,5.49092357941737,130.35102519,369.722187680769,19.64173401,19.0756217475737,0.439645076666667,7363,NA
704,"Tate Smith",2,6,0,0,0,0.95081967,0,0,0,NA,0,0,"QB",98.790163713,7,3.80327868,0.352048557910569,37.08196713,18.540983565,9.75,0,0,4.20689656115339,-18.9310345251902,82,"UTEP",12,809,4341.44261322,5.36643091868974,38.0327868,361.786884435,4.75409835,7.36206898201843,0.45081967,7379,NA
756,"Taylor Bean",2,5,12.69565212,6.34782606,2.539130424,1.05797101,0,0,0,NA,0,0,"QB",59.669564964,19,8.46376808,0.308179418619675,84.6376808,42.3188404,10,0,1.89041096693188,0.945205483465941,-11.3424658015913,20,"Washington",12,785,3341.07244958,4.25614324787261,20.10144919,278.422704131667,0,11.3424658015913,0.55797101,7404,NA
295,"Taylor Davis",11,32,15.72091514,1.42917410363636,0.491278598125,0,0,0,0,NA,0,0,"QB",82.7088225045,132,65.46967402,0.331542928527695,565.5870921,51.4170083727273,8.6389171867149,4.03194474,8.13956859202243,10.3644167048635,-71.5061591274495,15.5,"Idaho",24,1608,7295.50085747,4.53700302081468,47.75922725,303.979202394583,2.90902223,21.31887856285,0.48499892,7411,NA
404,"Taylor Reed",11,69,69.42622918,6.31147538,1.00617723449275,1.80327868,0,0,0,NA,0,0,"QB",102.696720826,295,152.37704846,0.34060095166823,1523.7704846,138.524589509091,10,9.0163934,4.43636365733554,22.1818182866777,-126.436364234063,20,"Memphis",12,786,2967.29506794,3.77518456480916,22.5409835,247.274588995,1.80327868,11.0909091433388,0.40163934,7423,NA
66,"Taylor Tharp",25,70,51.61403912,2.0645615648,0.737343416,0.92635659,0,0,0,NA,0,0,"QB",137.244770412,473,299.62541276,0.387801653701329,3450.2378766,138.009515064,11.5151710424631,29.80054845,14.8863077922833,18.1838912568424,-106.480416521552,23,"Boise St.",39,2785,16673.28654184,5.98681742974506,199.44752548,427.520167739487,31.47162565,7.32012637392956,0.47873578,7429,NA
77,"Taysom Hill",6,55,346.33846128,57.72307688,6.29706293236364,4.12307692,0,0,0,NA,0,0,"QB",126.166153752,71,43.29230766,0.378785839102901,438.07692275,73.0128204583333,10.1190476190476,4.12307692,1.94029850891067,5.82089552673201,-38.8059701782134,78,"BYU",13,1003,5365.15384215,5.34910652258225,51.5384615,412.704141703846,8.24615384,4.85074627227668,0.53076923,7431,NA
288,"Terrance Broadway",17,138,763.8760324,44.9338842588235,5.53533356811594,8.55343512,0,0,0,NA,0,0,"QB",157.856918772,357,224.92496768,0.386518847226514,3112.91969584,183.112923284706,13.8398139074927,19.07112272,10.4991682100927,18.8022382046155,-107.414864235008,28,"Houston",25,1767,11227.23601944,6.35384041847199,112.44327592,449.0894407776,13.41115872,11.413856225399,0.4609632,7453,NA
235,"Tim Tebow",55,692,3325.41131141,60.4620238438182,4.80550767544798,64.30237193,0,0,0,NA,0,0,"QB",201.85860188825,995,742.24972081,0.427255628202906,10430.91262959,189.652956901636,14.0531041469534,99.09583549,14.2393929295197,49.1776512053782,-275.14270035454,41,"Florida",55,3516,27338.39502461,7.77542520608931,313.82953558,497.061727720182,54.4881664,6.20369204601761,0.63411309,7587,12
545,"Tino Sunseri",43,276,-161.13651236,-3.74736075255814,-0.583827943333333,7.20028549,0,0,0,NA,0,0,"QB",147.63905692475,1141,761.86797945,0.400378790161895,8899.52602172,206.965721435349,11.6811918360772,50.90703859,22.327713520488,116.330166150538,-818.696047444554,89.5,"Pittsburgh",52,3475,20295.71983719,5.84049491717698,175.17805518,390.302304561346,31.30136066,21.2003413696987,0.541066795,7597,NA
587,"Tom Savage",18,91,-196.61344544,-10.9229691911111,-2.16058731252747,1,0,0,0,NA,0,0,"QB",116.778781548,368,191.81932776,0.342645061090557,2729.81092472,151.656162484444,14.2311567692255,15.99159664,10.0126582258142,49.0590717204664,-337.371307957218,68,"Rutgers",25,1580,7766.13025448,4.91527231296203,74.8739496,310.6452101792,12.98319328,12.033755268838,0.49789916,7627,NA
648,"Tommy Beecher",7,21,26.87503885,3.83929126428571,1.2797637547619,0,0,0,0,NA,0,0,"QB",198.497617118,51,32.45392064,0.388884313536309,347.17977555,49.5971107928571,10.6976220038603,2.21644083,4.69114257047762,7.52868769252899,-25.4998067988544,82.6666666666667,"South Carolina",38,2497,14990.62096024,6.00345252712855,122.61800891,394.490025269474,22.92903797,15.6066345438151,0.591230913333333,7632,NA
522,"Tommy Grady",7,4,9.96666669,1.42380952714286,2.4916666725,0,0,0,0,NA,0,0,"QB",127.575196506,28,20.31560645,0.420477107557862,172.15597941,24.5937113442857,8.47407532892034,2.1112242,2.98859316748428,0,0,78,"Oklahoma",26,1833,11459.47491918,6.25175936671031,112.72360756,440.749035353077,21.31942324,5.88399864380454,0.5556121,7635,NA
86,"Tony Paoli",11,31,-7.04675499,-0.64061409,-0.227314677096774,0,0,0,0,NA,0,0,"QB",110.78803734,118,62.38049587,0.345827277883511,751.64461165,68.3313283318182,12.0493529454529,1.89819911,6.09949855538348,12.198997110767,-63.0860443131554,14,"Buffalo",23,1476,5969.75794743,4.04455145489837,40.62663934,259.554693366522,2.90190281,21.1425868827927,0.449099555,7692,NA
509,"Trevor Siemian",21,26,65.79770991,3.13322428142857,2.53068115038462,0.98854962,0,0,0,NA,0,0,"QB",141.439312641,244,141.98473296,0.367850644949509,1544.18320704,73.5325336685714,10.8756989209187,8.82824427,4.07032215744425,7.129061305024,-37.5965021908902,65.5,"Northwestern",26,1948,10354.32440895,5.31536160623717,98.67557235,398.243246498077,15.6793893,10.2837609245489,0.477099235,7800,NA
498,"Trey Revell",21,124,525.76687624,25.0365179161905,4.24005545354839,4.69008265,0,0,0,NA,0,0,"QB",105.643355120667,277,144.06217126,0.342139904966774,1970.0681609,93.8127695666667,13.6751247303115,15.00860663,16.0956842162744,17.0420683759504,-109.031312655446,83,"La.-Monroe",36,2479,12425.12526778,5.01215218546995,103.77540941,345.142368549444,14.90602496,21.7010235474191,0.426618566666667,7818,NA
726,"Troy Goss",4,9,37.19262805,9.2981570125,4.13251422777778,0,0,0,0,NA,0,0,"QB",0,0,0,NA,0,0,NA,0,0,0,0,37.3333333333333,"Navy",38,2634,13893.84039367,5.27480652758922,146.20100924,365.627378780789,21.73808258,14.9502349953134,0.368698733333333,7837,NA
204,"Tyler Benz",12,67,124.32113855,10.3600948791667,1.85553938134328,1.04471545,0,0,0,NA,0,0,"QB",75.1706641195,214,120.06978352,0.359415276218215,1594.12060047,132.8433833725,13.2766175946712,14.6260163,8.68615895870334,17.229571937507,-116.778209798659,59,"Eastern Mich.",24,1533,8234.15853885,5.37127106252446,64.61449867,343.08993911875,7.92276422,15.7434129952608,0.508468835,7870,NA
772,"Tyler Bruce",1,3,15.00826448,15.00826448,5.00275482666667,0,0,0,0,NA,0,0,"QB",-187.603306,1,0,0,0,0,NA,0,1.06607929393312,0,0,4,"Western Ky.",12,758,3610.42562397,4.76309449072559,27.20247937,300.8688019975,0,12.7929515271975,0.43801653,7873,NA
519,"Tyler Tettleton",34,303,809.48389406,23.8083498252941,2.67156400679868,13.85129843,0,0,0,NA,0,0,"QB",109.884014633,805,461.64313062,0.364461875219766,5746.68564434,169.02016601,12.448329159847,42.2297542,17.309368942825,61.118468460674,-456.080418378276,31.3333333333333,"Ohio",41,2879,15140.49291852,5.25894161810351,129.19343943,369.280315085854,25.87733839,14.0550133265871,0.423878306666667,7916,NA
521,"Wes Lunt",6,1,-6.36363636,-1.06060606,-6.36363636,0,0,0,0,NA,0,0,"QB",145.621212038,131,85.90909086,0.396060351916963,1175.15151448,195.858585746667,13.679012345679,6.36363636,6.60000000377143,0.942857143395918,-5.65714286037551,55,"Oklahoma St.",13,1014,7541.96969266,7.43783993358974,77.42424238,580.15151482,8.48484848,4.71428571697959,0.56060606,8052,NA
388,"Wesley Beardain",2,4,-4.192,-2.096,-1.048,0,0,0,0,NA,0,0,"QB",48.024,2,1.044,0.342969776609724,10.44,5.22,10,0,0,0.957854406130268,-10.5363984674329,83,"Marshall",24,1614,9374.876,5.80847335811648,71.488,390.619833333333,7.372,16.1678594664932,0.552,8057,NA
37,"Wesley Hill",1,1,3.24820143,3.24820143,3.24820143,0,0,0,0,NA,0,0,"QB",0,1,0,0,0,0,NA,0,0,0,0,79,"Auburn",13,864,5295.65106471,6.12922576934028,47.64028764,407.357774208462,8.66187048,4.61794021191598,0.58273381,8060,NA
234,"Xavier Lee",19,80,227.01718099,11.9482726836842,2.837714762375,5.22219825,0,0,0,NA,0,0,"QB",133.048876822,302,162.35579414,0.349636628182249,2435.70579549,128.195041867895,15.0022720679108,15.79252764,10.5458855675548,16.092349857165,-110.263952562375,88.3333333333333,"Florida St.",39,2616,14776.59540118,5.6485456426529,127.31799614,378.887061568718,23.2726808,16.139539218884,0.556291886666667,8147,NA
140,"Zach Collaros",32,268,530.61939565,16.5818561140625,1.97992311809701,16.14828924,0,0,0,NA,0,0,"QB",127.78593872325,783,501.93176732,0.390629121394427,6520.03221452,203.75100670375,12.9898775870132,53.14443578,25.2875056760016,45.2135936745576,-327.502783469578,52,"Cincinnati",52,3489,21699.07942927,6.2192832987303,213.89673211,417.289989024423,37.82083195,14.3490784950354,0.5310241,8183,NA
539,"Zack Mills",20,114,204.1519244,10.20759622,1.79080635438596,5.15417292,0,0,0,NA,0,0,"QB",113.6384247185,519,301.90717189,0.367772608436237,3241.7518791,162.087593955,10.7375782390527,15.53710647,16.4560996589543,19.2651405081408,-139.637670015292,6.5,"Penn St.",23,1513,7457.12120166,4.92869874531395,55.09170424,324.222660941739,7.2556222,15.3890466273599,0.538293355,8216,NA
